app,cores,threads,event,value
nas_bt_B,96,96,task-clock,118716956605
nas_bt_B,96,96,cycles,447833989287
nas_bt_B,96,96,instructions,889821429366
nas_bt_B,96,96,branches,10436626902
nas_bt_B,96,96,branch-misses,30179495
nas_bt_B,96,96,cache-references,2862952619
nas_bt_B,96,96,cache-misses,347328969
nas_bt_B,96,96,L1-dcache-loads,293940082145
nas_bt_B,96,96,L1-dcache-load-misses,3210897870
nas_bt_B,96,96,L1-icache-load-misses,31183734
nas_bt_B,96,96,LLC-loads,353262491
nas_bt_B,96,96,LLC-load-misses,104873864
nas_bt_B,96,96,dTLB-loads,295944575366
nas_bt_B,96,96,dTLB-load-misses,4963976
nas_bt_B,96,96,iTLB-loads,NA
nas_bt_B,96,96,iTLB-load-misses,167699
nas_bt_B,96,96,context-switches,275
nas_bt_B,96,96,cpu-migrations,97
nas_bt_B,96,96,page-faults,49486
nas_bt_B,96,96,seconds,1.248827628
nas_bt_B,96,96,seconds,117.931159000
nas_bt_B,96,96,seconds,0.842915000
nas_cg_B,96,96,task-clock,52208821054
nas_cg_B,96,96,cycles,200635661229
nas_cg_B,96,96,instructions,122028661323
nas_cg_B,96,96,branches,12245779323
nas_cg_B,96,96,branch-misses,239525094
nas_cg_B,96,96,cache-references,5049493750
nas_cg_B,96,96,cache-misses,1266697872
nas_cg_B,96,96,L1-dcache-loads,24653050050
nas_cg_B,96,96,L1-dcache-load-misses,25990581041
nas_cg_B,96,96,L1-icache-load-misses,4409906
nas_cg_B,96,96,LLC-loads,1522691144
nas_cg_B,96,96,LLC-load-misses,976466888
nas_cg_B,96,96,dTLB-loads,24456536184
nas_cg_B,96,96,dTLB-load-misses,369622
nas_cg_B,96,96,iTLB-loads,NA
nas_cg_B,96,96,iTLB-load-misses,69553
nas_cg_B,96,96,context-switches,285
nas_cg_B,96,96,cpu-migrations,96
nas_cg_B,96,96,page-faults,88051
nas_cg_B,96,96,seconds,0.570561767
nas_cg_B,96,96,seconds,50.719834000
nas_cg_B,96,96,seconds,1.547116000
nas_ep_B,96,96,task-clock,11927624035
nas_ep_B,96,96,cycles,45553085557
nas_ep_B,96,96,instructions,105903748980
nas_ep_B,96,96,branches,11055876632
nas_ep_B,96,96,branch-misses,288119823
nas_ep_B,96,96,cache-references,10300583
nas_ep_B,96,96,cache-misses,5905014
nas_ep_B,96,96,L1-dcache-loads,19305712265
nas_ep_B,96,96,L1-dcache-load-misses,5999510
nas_ep_B,96,96,L1-icache-load-misses,1825067
nas_ep_B,96,96,LLC-loads,469142
nas_ep_B,96,96,LLC-load-misses,191432
nas_ep_B,96,96,dTLB-loads,18672010387
nas_ep_B,96,96,dTLB-load-misses,23177
nas_ep_B,96,96,iTLB-loads,NA
nas_ep_B,96,96,iTLB-load-misses,29413
nas_ep_B,96,96,context-switches,216
nas_ep_B,96,96,cpu-migrations,96
nas_ep_B,96,96,page-faults,25197
nas_ep_B,96,96,seconds,0.260460906
nas_ep_B,96,96,seconds,11.940124000
nas_ep_B,96,96,seconds,0.040976000
nas_ft_B,96,96,task-clock,26800573972
nas_ft_B,96,96,cycles,97773458915
nas_ft_B,96,96,instructions,112223423179
nas_ft_B,96,96,branches,9987259773
nas_ft_B,96,96,branch-misses,13945445
nas_ft_B,96,96,cache-references,1184237640
nas_ft_B,96,96,cache-misses,592158194
nas_ft_B,96,96,L1-dcache-loads,16249040611
nas_ft_B,96,96,L1-dcache-load-misses,2480126609
nas_ft_B,96,96,L1-icache-load-misses,4137077
nas_ft_B,96,96,LLC-loads,255908619
nas_ft_B,96,96,LLC-load-misses,141661041
nas_ft_B,96,96,dTLB-loads,16917344025
nas_ft_B,96,96,dTLB-load-misses,3285022
nas_ft_B,96,96,iTLB-loads,NA
nas_ft_B,96,96,iTLB-load-misses,42869
nas_ft_B,96,96,context-switches,268
nas_ft_B,96,96,cpu-migrations,96
nas_ft_B,96,96,page-faults,341950
nas_ft_B,96,96,seconds,0.333449153
nas_ft_B,96,96,seconds,21.240429000
nas_ft_B,96,96,seconds,5.618410000
nas_is_B,96,96,task-clock,5162801578
nas_is_B,96,96,cycles,19931994619
nas_is_B,96,96,instructions,17880773861
nas_is_B,96,96,branches,2213912011
nas_is_B,96,96,branch-misses,1859696
nas_is_B,96,96,cache-references,127761753
nas_is_B,96,96,cache-misses,52856264
nas_is_B,96,96,L1-dcache-loads,4307871265
nas_is_B,96,96,L1-dcache-load-misses,18435222
nas_is_B,96,96,L1-icache-load-misses,2412061
nas_is_B,96,96,LLC-loads,9494631
nas_is_B,96,96,LLC-load-misses,6253411
nas_is_B,96,96,dTLB-loads,4134725301
nas_is_B,96,96,dTLB-load-misses,128769
nas_is_B,96,96,iTLB-loads,NA
nas_is_B,96,96,iTLB-load-misses,8086
nas_is_B,96,96,context-switches,6
nas_is_B,96,96,cpu-migrations,96
nas_is_B,96,96,page-faults,68332
nas_is_B,96,96,seconds,0.066551144
nas_is_B,96,96,seconds,4.535127000
nas_is_B,96,96,seconds,0.691373000
nas_lu_B,96,96,task-clock,190802425213
nas_lu_B,96,96,cycles,724288047488
nas_lu_B,96,96,instructions,1772410732754
nas_lu_B,96,96,branches,463931502511
nas_lu_B,96,96,branch-misses,42897105
nas_lu_B,96,96,cache-references,4478919723
nas_lu_B,96,96,cache-misses,1974021082
nas_lu_B,96,96,L1-dcache-loads,584556080663
nas_lu_B,96,96,L1-dcache-load-misses,3133531880
nas_lu_B,96,96,L1-icache-load-misses,25092787
nas_lu_B,96,96,LLC-loads,739122894
nas_lu_B,96,96,LLC-load-misses,282775805
nas_lu_B,96,96,dTLB-loads,579806456687
nas_lu_B,96,96,dTLB-load-misses,31837325
nas_lu_B,96,96,iTLB-loads,NA
nas_lu_B,96,96,iTLB-load-misses,241136
nas_lu_B,96,96,context-switches,339
nas_lu_B,96,96,cpu-migrations,96
nas_lu_B,96,96,page-faults,40623
nas_lu_B,96,96,seconds,1.997179045
nas_lu_B,96,96,seconds,190.247326000
nas_lu_B,96,96,seconds,0.612023000
nas_mg_B,96,96,task-clock,10023147083
nas_mg_B,96,96,cycles,36876772233
nas_mg_B,96,96,instructions,14479758494
nas_mg_B,96,96,branches,1347127974
nas_mg_B,96,96,branch-misses,10329609
nas_mg_B,96,96,cache-references,754627661
nas_mg_B,96,96,cache-misses,38564147
nas_mg_B,96,96,L1-dcache-loads,6586498356
nas_mg_B,96,96,L1-dcache-load-misses,571713181
nas_mg_B,96,96,L1-icache-load-misses,3209926
nas_mg_B,96,96,LLC-loads,186941784
nas_mg_B,96,96,LLC-load-misses,9356191
nas_mg_B,96,96,dTLB-loads,6022477272
nas_mg_B,96,96,dTLB-load-misses,1642942
nas_mg_B,96,96,iTLB-loads,NA
nas_mg_B,96,96,iTLB-load-misses,16489
nas_mg_B,96,96,context-switches,101
nas_mg_B,96,96,cpu-migrations,96
nas_mg_B,96,96,page-faults,111743
nas_mg_B,96,96,seconds,0.124135518
nas_mg_B,96,96,seconds,8.063442000
nas_mg_B,96,96,seconds,2.020098000
nas_sp_B,96,96,task-clock,97273592911
nas_sp_B,96,96,cycles,360173311692
nas_sp_B,96,96,instructions,499566932551
nas_sp_B,96,96,branches,14840837165
nas_sp_B,96,96,branch-misses,81145706
nas_sp_B,96,96,cache-references,5674088768
nas_sp_B,96,96,cache-misses,411579910
nas_sp_B,96,96,L1-dcache-loads,183793819183
nas_sp_B,96,96,L1-dcache-load-misses,4416287773
nas_sp_B,96,96,L1-icache-load-misses,28950530
nas_sp_B,96,96,LLC-loads,621328228
nas_sp_B,96,96,LLC-load-misses,192996243
nas_sp_B,96,96,dTLB-loads,184472770733
nas_sp_B,96,96,dTLB-load-misses,9566684
nas_sp_B,96,96,iTLB-loads,NA
nas_sp_B,96,96,iTLB-load-misses,204642
nas_sp_B,96,96,context-switches,288
nas_sp_B,96,96,cpu-migrations,96
nas_sp_B,96,96,page-faults,48793
nas_sp_B,96,96,seconds,1.023624001
nas_sp_B,96,96,seconds,96.480599000
nas_sp_B,96,96,seconds,0.848741000
nas_ua_B,96,96,task-clock,194719470120
nas_ua_B,96,96,cycles,754473844755
nas_ua_B,96,96,instructions,482739021110
nas_ua_B,96,96,branches,58357428272
nas_ua_B,96,96,branch-misses,75767773
nas_ua_B,96,96,cache-references,2667333317
nas_ua_B,96,96,cache-misses,678473780
nas_ua_B,96,96,L1-dcache-loads,189211583750
nas_ua_B,96,96,L1-dcache-load-misses,3441395767
nas_ua_B,96,96,L1-icache-load-misses,75450196
nas_ua_B,96,96,LLC-loads,354522121
nas_ua_B,96,96,LLC-load-misses,115404889
nas_ua_B,96,96,dTLB-loads,188950479590
nas_ua_B,96,96,dTLB-load-misses,1035262
nas_ua_B,96,96,iTLB-loads,NA
nas_ua_B,96,96,iTLB-load-misses,299061
nas_ua_B,96,96,context-switches,762
nas_ua_B,96,96,cpu-migrations,96
nas_ua_B,96,96,page-faults,39918
nas_ua_B,96,96,seconds,2.043504103
nas_ua_B,96,96,seconds,193.912029000
nas_ua_B,96,96,seconds,0.863543000
nas_bt_D,96,96,task-clock,12487514764002
nas_bt_D,96,96,cycles,48274659954938
nas_bt_D,96,96,instructions,73721656179849
nas_bt_D,96,96,branches,822394103393
nas_bt_D,96,96,branch-misses,1037876364
nas_bt_D,96,96,cache-references,323265002057
nas_bt_D,96,96,cache-misses,302331249688
nas_bt_D,96,96,L1-dcache-loads,24432190645922
nas_bt_D,96,96,L1-dcache-load-misses,363724578778
nas_bt_D,96,96,L1-icache-load-misses,1185173383
nas_bt_D,96,96,LLC-loads,50759786583
nas_bt_D,96,96,LLC-load-misses,48982872841
nas_bt_D,96,96,dTLB-loads,24425881776679
nas_bt_D,96,96,dTLB-load-misses,23356091357
nas_bt_D,96,96,iTLB-loads,NA
nas_bt_D,96,96,iTLB-load-misses,20261291
nas_bt_D,96,96,context-switches,86831
nas_bt_D,96,96,cpu-migrations,96
nas_bt_D,96,96,page-faults,11716749
nas_bt_D,96,96,seconds,134.606626877
nas_bt_D,96,96,seconds,12415.195303000
nas_bt_D,96,96,seconds,72.708482000
nas_cg_D,96,96,task-clock,13673450037259
nas_cg_D,96,96,cycles,52875422340696
nas_cg_D,96,96,instructions,8794051130786
nas_cg_D,96,96,branches,1053181747508
nas_cg_D,96,96,branch-misses,12285496330
nas_cg_D,96,96,cache-references,2595137851592
nas_cg_D,96,96,cache-misses,1822475933699
nas_cg_D,96,96,L1-dcache-loads,1719980033595
nas_cg_D,96,96,L1-dcache-load-misses,2412513246179
nas_cg_D,96,96,L1-icache-load-misses,676005338
nas_cg_D,96,96,LLC-loads,1409696758465
nas_cg_D,96,96,LLC-load-misses,993384920052
nas_cg_D,96,96,dTLB-loads,1721552535296
nas_cg_D,96,96,dTLB-load-misses,590938855706
nas_cg_D,96,96,iTLB-loads,NA
nas_cg_D,96,96,iTLB-load-misses,17675689
nas_cg_D,96,96,context-switches,183324
nas_cg_D,96,96,cpu-migrations,96
nas_cg_D,96,96,page-faults,11790234
nas_cg_D,96,96,seconds,162.692024204
nas_cg_D,96,96,seconds,13585.017807000
nas_cg_D,96,96,seconds,89.372939000
nas_ep_D,96,96,task-clock,729543134944
nas_ep_D,96,96,cycles,2800585431083
nas_ep_D,96,96,instructions,6872029713758
nas_ep_D,96,96,branches,706969735393
nas_ep_D,96,96,branch-misses,18569632172
nas_ep_D,96,96,cache-references,99857246
nas_ep_D,96,96,cache-misses,46704077
nas_ep_D,96,96,L1-dcache-loads,1228308668206
nas_ep_D,96,96,L1-dcache-load-misses,354190112
nas_ep_D,96,96,L1-icache-load-misses,11449577
nas_ep_D,96,96,LLC-loads,10068267
nas_ep_D,96,96,LLC-load-misses,6782019
nas_ep_D,96,96,dTLB-loads,1227641814974
nas_ep_D,96,96,dTLB-load-misses,409479
nas_ep_D,96,96,iTLB-loads,NA
nas_ep_D,96,96,iTLB-load-misses,946538
nas_ep_D,96,96,context-switches,1192
nas_ep_D,96,96,cpu-migrations,96
nas_ep_D,96,96,page-faults,84639
nas_ep_D,96,96,seconds,14.459447802
nas_ep_D,96,96,seconds,729.147034000
nas_ep_D,96,96,seconds,0.452965000
nas_ft_D,96,96,task-clock,3116912827003
nas_ft_D,96,96,cycles,11794550272373
nas_ft_D,96,96,instructions,10284634297719
nas_ft_D,96,96,branches,874308812156
nas_ft_D,96,96,branch-misses,895327483
nas_ft_D,96,96,cache-references,235241144185
nas_ft_D,96,96,cache-misses,108597651626
nas_ft_D,96,96,L1-dcache-loads,1469533026984
nas_ft_D,96,96,L1-dcache-load-misses,275259687215
nas_ft_D,96,96,L1-icache-load-misses,173431381
nas_ft_D,96,96,LLC-loads,42590024906
nas_ft_D,96,96,LLC-load-misses,29014026167
nas_ft_D,96,96,dTLB-loads,1473047226087
nas_ft_D,96,96,dTLB-load-misses,855497659
nas_ft_D,96,96,iTLB-loads,NA
nas_ft_D,96,96,iTLB-load-misses,3458040
nas_ft_D,96,96,context-switches,13552
nas_ft_D,96,96,cpu-migrations,96
nas_ft_D,96,96,page-faults,23264206
nas_ft_D,96,96,seconds,36.689171719
nas_ft_D,96,96,seconds,2738.677173000
nas_ft_D,96,96,seconds,378.323312000
nas_is_D,96,96,task-clock,586398470393
nas_is_D,96,96,cycles,2269780587745
nas_is_D,96,96,instructions,856173606912
nas_is_D,96,96,branches,110851302639
nas_is_D,96,96,branch-misses,8222197
nas_is_D,96,96,cache-references,16237802759
nas_is_D,96,96,cache-misses,15374727377
nas_is_D,96,96,L1-dcache-loads,257632747204
nas_is_D,96,96,L1-dcache-load-misses,24306159735
nas_is_D,96,96,L1-icache-load-misses,58422258
nas_is_D,96,96,LLC-loads,1288084091
nas_is_D,96,96,LLC-load-misses,1046230410
nas_is_D,96,96,dTLB-loads,258511567456
nas_is_D,96,96,dTLB-load-misses,26143451
nas_is_D,96,96,iTLB-loads,NA
nas_is_D,96,96,iTLB-load-misses,976599
nas_is_D,96,96,context-switches,1574
nas_is_D,96,96,cpu-migrations,96
nas_is_D,96,96,page-faults,9082594
nas_is_D,96,96,seconds,7.156179658
nas_is_D,96,96,seconds,506.679956000
nas_is_D,96,96,seconds,80.718488000
nas_lu_D,96,96,task-clock,8922500459358
nas_lu_D,96,96,cycles,34350048689997
nas_lu_D,96,96,instructions,77428751031354
nas_lu_D,96,96,branches,8477816738921
nas_lu_D,96,96,branch-misses,1323575793
nas_lu_D,96,96,cache-references,302776132898
nas_lu_D,96,96,cache-misses,274034750303
nas_lu_D,96,96,L1-dcache-loads,24159114515615
nas_lu_D,96,96,L1-dcache-load-misses,424006308714
nas_lu_D,96,96,L1-icache-load-misses,762165518
nas_lu_D,96,96,LLC-loads,45360648067
nas_lu_D,96,96,LLC-load-misses,42546188794
nas_lu_D,96,96,dTLB-loads,24170753746347
nas_lu_D,96,96,dTLB-load-misses,21014322025
nas_lu_D,96,96,iTLB-loads,NA
nas_lu_D,96,96,iTLB-load-misses,12749894
nas_lu_D,96,96,context-switches,113427
nas_lu_D,96,96,cpu-migrations,96
nas_lu_D,96,96,page-faults,8413134
nas_lu_D,96,96,seconds,97.062500904
nas_lu_D,96,96,seconds,8867.444264000
nas_lu_D,96,96,seconds,55.540439000
nas_mg_D,96,96,task-clock,1879084911786
nas_mg_D,96,96,cycles,7269518706644
nas_mg_D,96,96,instructions,1883185317214
nas_mg_D,96,96,branches,135345997735
nas_mg_D,96,96,branch-misses,513441057
nas_mg_D,96,96,cache-references,120422742118
nas_mg_D,96,96,cache-misses,116224149084
nas_mg_D,96,96,L1-dcache-loads,871017449222
nas_mg_D,96,96,L1-dcache-load-misses,220415019523
nas_mg_D,96,96,L1-icache-load-misses,63645114
nas_mg_D,96,96,LLC-loads,34596173107
nas_mg_D,96,96,LLC-load-misses,34047057141
nas_mg_D,96,96,dTLB-loads,872732201266
nas_mg_D,96,96,dTLB-load-misses,389457933
nas_mg_D,96,96,iTLB-loads,NA
nas_mg_D,96,96,iTLB-load-misses,2218308
nas_mg_D,96,96,context-switches,5089
nas_mg_D,96,96,cpu-migrations,96
nas_mg_D,96,96,page-faults,8004362
nas_mg_D,96,96,seconds,20.481819141
nas_mg_D,96,96,seconds,1761.584554000
nas_mg_D,96,96,seconds,117.559087000
nas_sp_D,96,96,task-clock,14554193536322
nas_sp_D,96,96,cycles,56329096206800
nas_sp_D,96,96,instructions,40611650766076
nas_sp_D,96,96,branches,1046764304380
nas_sp_D,96,96,branch-misses,2848993957
nas_sp_D,96,96,cache-references,737307445472
nas_sp_D,96,96,cache-misses,692248464940
nas_sp_D,96,96,L1-dcache-loads,15039834666265
nas_sp_D,96,96,L1-dcache-load-misses,741047789012
nas_sp_D,96,96,L1-icache-load-misses,474535120
nas_sp_D,96,96,LLC-loads,93427197136
nas_sp_D,96,96,LLC-load-misses,90476478624
nas_sp_D,96,96,dTLB-loads,15051295089868
nas_sp_D,96,96,dTLB-load-misses,28286281071
nas_sp_D,96,96,iTLB-loads,NA
nas_sp_D,96,96,iTLB-load-misses,18032699
nas_sp_D,96,96,context-switches,67409
nas_sp_D,96,96,cpu-migrations,96
nas_sp_D,96,96,page-faults,10398976
nas_sp_D,96,96,seconds,154.067259086
nas_sp_D,96,96,seconds,14485.647995000
nas_sp_D,96,96,seconds,68.783756000
nas_ua_D,96,96,task-clock,12443292002520
nas_ua_D,96,96,cycles,47774797543493
nas_ua_D,96,96,instructions,34192856677976
nas_ua_D,96,96,branches,3683631683539
nas_ua_D,96,96,branch-misses,2666123024
nas_ua_D,96,96,cache-references,669029672451
nas_ua_D,96,96,cache-misses,575675350743
nas_ua_D,96,96,L1-dcache-loads,13751346622981
nas_ua_D,96,96,L1-dcache-load-misses,295141065103
nas_ua_D,96,96,L1-icache-load-misses,488560811
nas_ua_D,96,96,LLC-loads,148359371573
nas_ua_D,96,96,LLC-load-misses,142487193047
nas_ua_D,96,96,dTLB-loads,13758510596563
nas_ua_D,96,96,dTLB-load-misses,810311633
nas_ua_D,96,96,iTLB-loads,NA
nas_ua_D,96,96,iTLB-load-misses,19013884
nas_ua_D,96,96,context-switches,43362
nas_ua_D,96,96,cpu-migrations,96
nas_ua_D,96,96,page-faults,7787770
nas_ua_D,96,96,seconds,130.221118907
nas_ua_D,96,96,seconds,12379.037375000
nas_ua_D,96,96,seconds,64.420564000
cloverleaf,96,96,task-clock,836831131942
cloverleaf,96,96,cycles,3235932764124
cloverleaf,96,96,instructions,1525254249940
cloverleaf,96,96,branches,91543066512
cloverleaf,96,96,branch-misses,20740822
cloverleaf,96,96,cache-references,55582535908
cloverleaf,96,96,cache-misses,49262517172
cloverleaf,96,96,L1-dcache-loads,615002635850
cloverleaf,96,96,L1-dcache-load-misses,33730095830
cloverleaf,96,96,L1-icache-load-misses,55019236
cloverleaf,96,96,LLC-loads,8014019418
cloverleaf,96,96,LLC-load-misses,7566135037
cloverleaf,96,96,dTLB-loads,611304504806
cloverleaf,96,96,dTLB-load-misses,35022838
cloverleaf,96,96,iTLB-loads,NA
cloverleaf,96,96,iTLB-load-misses,1140395
cloverleaf,96,96,context-switches,2903
cloverleaf,96,96,cpu-migrations,96
cloverleaf,96,96,page-faults,1969137
cloverleaf,96,96,seconds,8.963241228
cloverleaf,96,96,seconds,805.500952000
cloverleaf,96,96,seconds,31.585605000
minibude,96,96,task-clock,21307579769
minibude,96,96,cycles,81936069683
minibude,96,96,instructions,116238642354
minibude,96,96,branches,4857251753
minibude,96,96,branch-misses,56327873
minibude,96,96,cache-references,3212568
minibude,96,96,cache-misses,1785905
minibude,96,96,L1-dcache-loads,13860157397
minibude,96,96,L1-dcache-load-misses,2842242
minibude,96,96,L1-icache-load-misses,1663252
minibude,96,96,LLC-loads,427057
minibude,96,96,LLC-load-misses,249870
minibude,96,96,dTLB-loads,14078274592
minibude,96,96,dTLB-load-misses,33455
minibude,96,96,iTLB-loads,NA
minibude,96,96,iTLB-load-misses,45595
minibude,96,96,context-switches,153
minibude,96,96,cpu-migrations,96
minibude,96,96,page-faults,3335
minibude,96,96,seconds,0.237408492
minibude,96,96,seconds,21.248141000
minibude,96,96,seconds,0.114059000
neutral,96,96,task-clock,258201301369
neutral,96,96,cycles,998057376320
neutral,96,96,instructions,840247993303
neutral,96,96,branches,101723213344
neutral,96,96,branch-misses,125721495
neutral,96,96,cache-references,26599640448
neutral,96,96,cache-misses,17719893686
neutral,96,96,L1-dcache-loads,159873859411
neutral,96,96,L1-dcache-load-misses,12999678629
neutral,96,96,L1-icache-load-misses,18129863
neutral,96,96,LLC-loads,6769748912
neutral,96,96,LLC-load-misses,4525881214
neutral,96,96,dTLB-loads,159372634960
neutral,96,96,dTLB-load-misses,6404301233
neutral,96,96,iTLB-loads,NA
neutral,96,96,iTLB-load-misses,644266
neutral,96,96,context-switches,9623
neutral,96,96,cpu-migrations,96
neutral,96,96,page-faults,472718
neutral,96,96,seconds,3.007316618
neutral,96,96,seconds,250.619036000
neutral,96,96,seconds,7.698506000
tealeaf,96,96,task-clock,885164321042
tealeaf,96,96,cycles,3389177750074
tealeaf,96,96,instructions,1328800030879
tealeaf,96,96,branches,150428211913
tealeaf,96,96,branch-misses,203043827
tealeaf,96,96,cache-references,22204093589
tealeaf,96,96,cache-misses,810054215
tealeaf,96,96,L1-dcache-loads,376758538074
tealeaf,96,96,L1-dcache-load-misses,35973927876
tealeaf,96,96,L1-icache-load-misses,31988837
tealeaf,96,96,LLC-loads,1548071117
tealeaf,96,96,LLC-load-misses,199887699
tealeaf,96,96,dTLB-loads,376838912338
tealeaf,96,96,dTLB-load-misses,2119704
tealeaf,96,96,iTLB-loads,NA
tealeaf,96,96,iTLB-load-misses,958902
tealeaf,96,96,context-switches,1882
tealeaf,96,96,cpu-migrations,96
tealeaf,96,96,page-faults,285863
tealeaf,96,96,seconds,9.312845537
tealeaf,96,96,seconds,880.814720000
tealeaf,96,96,seconds,4.390118000
stream_gcc15,96,96,task-clock,384436746375
stream_gcc15,96,96,cycles,1487068888679
stream_gcc15,96,96,instructions,156235155164
stream_gcc15,96,96,branches,28361041270
stream_gcc15,96,96,branch-misses,2816986
stream_gcc15,96,96,cache-references,19413169697
stream_gcc15,96,96,cache-misses,17851835066
stream_gcc15,96,96,L1-dcache-loads,41028266045
stream_gcc15,96,96,L1-dcache-load-misses,18052663455
stream_gcc15,96,96,L1-icache-load-misses,11787472
stream_gcc15,96,96,LLC-loads,8324744380
stream_gcc15,96,96,LLC-load-misses,8245433633
stream_gcc15,96,96,dTLB-loads,41023856330
stream_gcc15,96,96,dTLB-load-misses,4953102
stream_gcc15,96,96,iTLB-loads,NA
stream_gcc15,96,96,iTLB-load-misses,431595
stream_gcc15,96,96,context-switches,1115
stream_gcc15,96,96,cpu-migrations,96
stream_gcc15,96,96,page-faults,1739660
stream_gcc15,96,96,seconds,4.749857508
stream_gcc15,96,96,seconds,361.609445000
stream_gcc15,96,96,seconds,23.062882000
