,,,,,,,,,,,,,,,,,,,,,,,,,,,,,,,,,,,,,,,,,,,,,,,,,,,,,,,,,,,,,,,,,,,,,,,,,,,,,,,,,,,,,,,,,,,,,,,,
55.612338333333334,,,,,,,,,,,,,,,,,,,,,,,,,,,,,,,,,,,,,,,,,,,,,,,,,,,,,,,,,,,,,,,,,,,,,,,,,,,,,,,,,,,,,,,,,,,,,,,,
55.36350166666667,54.342545,,,,,,,,,,,,,,,,,,,,,,,,,,,,,,,,,,,,,,,,,,,,,,,,,,,,,,,,,,,,,,,,,,,,,,,,,,,,,,,,,,,,,,,,,,,,,,,
54.96444333333334,53.74654166666667,53.602754999999995,,,,,,,,,,,,,,,,,,,,,,,,,,,,,,,,,,,,,,,,,,,,,,,,,,,,,,,,,,,,,,,,,,,,,,,,,,,,,,,,,,,,,,,,,,,,,,
54.38474666666666,53.313563333333335,53.249608333333335,52.950378333333326,,,,,,,,,,,,,,,,,,,,,,,,,,,,,,,,,,,,,,,,,,,,,,,,,,,,,,,,,,,,,,,,,,,,,,,,,,,,,,,,,,,,,,,,,,,,,
49.58494333333332,48.684343333333324,48.53648166666667,48.24237,47.72422833333334,,,,,,,,,,,,,,,,,,,,,,,,,,,,,,,,,,,,,,,,,,,,,,,,,,,,,,,,,,,,,,,,,,,,,,,,,,,,,,,,,,,,,,,,,,,,
54.971835000000006,53.86170166666667,53.66772833333332,53.19437166666667,52.85186666666667,48.47049333333334,,,,,,,,,,,,,,,,,,,,,,,,,,,,,,,,,,,,,,,,,,,,,,,,,,,,,,,,,,,,,,,,,,,,,,,,,,,,,,,,,,,,,,,,,,,
55.005545000000005,53.835204999999995,53.72570166666667,53.31557166666667,52.82369666666668,48.56178833333333,53.30745833333334,,,,,,,,,,,,,,,,,,,,,,,,,,,,,,,,,,,,,,,,,,,,,,,,,,,,,,,,,,,,,,,,,,,,,,,,,,,,,,,,,,,,,,,,,,
52.205735000000004,52.84946833333333,52.98961499999999,51.154664999999994,49.52105166666667,46.89428333333333,52.001241666666665,51.10521,,,,,,,,,,,,,,,,,,,,,,,,,,,,,,,,,,,,,,,,,,,,,,,,,,,,,,,,,,,,,,,,,,,,,,,,,,,,,,,,,,,,,,,,,
58.54853833333335,57.64022666666668,57.47846333333332,57.116896666666655,56.52569666666666,51.92968833333334,57.153825,57.02705,53.840203333333335,,,,,,,,,,,,,,,,,,,,,,,,,,,,,,,,,,,,,,,,,,,,,,,,,,,,,,,,,,,,,,,,,,,,,,,,,,,,,,,,,,,,,,,,
52.80836166666666,53.24261333333332,53.04669666666667,51.54426000000001,51.18971166666666,45.20972833333333,51.54164166666667,51.21378666666667,47.342643333333335,56.58974833333334,,,,,,,,,,,,,,,,,,,,,,,,,,,,,,,,,,,,,,,,,,,,,,,,,,,,,,,,,,,,,,,,,,,,,,,,,,,,,,,,,,,,,,,
57.183248333333346,56.375336666666676,56.24740833333333,55.92324166666667,55.30001,50.82212833333333,56.329681666666666,56.265010000000004,53.22738833333334,59.31563499999999,51.941069999999996,,,,,,,,,,,,,,,,,,,,,,,,,,,,,,,,,,,,,,,,,,,,,,,,,,,,,,,,,,,,,,,,,,,,,,,,,,,,,,,,,,,,,,
57.08296,56.423123333333336,56.32975833333334,55.91985500000001,55.27614833333333,51.14873666666668,56.02924666666668,55.77015833333332,52.87578666666667,59.23745,53.85174666666665,58.453656666666674,,,,,,,,,,,,,,,,,,,,,,,,,,,,,,,,,,,,,,,,,,,,,,,,,,,,,,,,,,,,,,,,,,,,,,,,,,,,,,,,,,,,,
56.013048333333316,55.23992833333334,55.003679999999996,54.641513333333336,53.873005000000006,49.735711666666674,54.66972333333332,54.415454999999994,51.06617333333334,58.10194166666667,52.109853333333334,57.18643166666667,56.86666499999999,,,,,,,,,,,,,,,,,,,,,,,,,,,,,,,,,,,,,,,,,,,,,,,,,,,,,,,,,,,,,,,,,,,,,,,,,,,,,,,,,,,,
51.960351666666675,50.54787333333333,50.414653333333334,50.07359,49.438835,45.236998333333325,50.49119666666667,50.341701666666665,47.220191666666665,53.50926166666667,46.46450833333332,52.59968666666666,52.79108166666667,51.573568333333334,,,,,,,,,,,,,,,,,,,,,,,,,,,,,,,,,,,,,,,,,,,,,,,,,,,,,,,,,,,,,,,,,,,,,,,,,,,,,,,,,,,
56.448248333333346,55.73612999999999,55.540781666666675,55.19200333333333,54.39164999999999,50.317119999999996,55.590064999999996,55.36544166666667,53.15297833333334,58.53831499999999,51.56141000000001,57.698451666666664,57.74510333333333,56.499195000000014,52.20820666666667,,,,,,,,,,,,,,,,,,,,,,,,,,,,,,,,,,,,,,,,,,,,,,,,,,,,,,,,,,,,,,,,,,,,,,,,,,,,,,,,,,
57.19599833333332,56.39363333333332,56.318628333333336,55.99378166666667,55.339221666666674,50.72457666666665,56.32827666666667,56.17334499999998,54.17402333333334,59.26624666666665,51.994131666666675,58.11827833333333,58.642298333333336,57.13632666666667,52.67789166666667,57.49706166666667,,,,,,,,,,,,,,,,,,,,,,,,,,,,,,,,,,,,,,,,,,,,,,,,,,,,,,,,,,,,,,,,,,,,,,,,,,,,,,,,,
58.63110499999999,57.562210000000015,57.44574833333332,57.15318999999998,56.54043666666664,51.99752166666668,57.45775333333332,57.329705,56.16298166666666,60.62865499999999,53.136183333333335,59.35391999999999,59.93711666666668,58.586998333333334,53.928736666666666,59.08930166666665,59.63691333333335,,,,,,,,,,,,,,,,,,,,,,,,,,,,,,,,,,,,,,,,,,,,,,,,,,,,,,,,,,,,,,,,,,,,,,,,,,,,,,,,
58.733428333333336,57.471094999999984,57.52088499999999,57.07774833333333,56.67550166666667,52.094941666666664,57.34280166666665,57.334695,56.161880000000004,60.648418333333346,53.282411666666675,59.43996666666667,59.96471833333333,58.60311999999999,54.068968333333345,59.096911666666685,59.73350333333333,60.78663999999999,,,,,,,,,,,,,,,,,,,,,,,,,,,,,,,,,,,,,,,,,,,,,,,,,,,,,,,,,,,,,,,,,,,,,,,,,,,,,,,
60.00551166666667,59.252638333333316,58.94203,58.59135166666667,57.79125666666667,53.25446166666666,58.987048333333334,58.824184999999986,56.90134333333333,61.93796000000001,54.536469999999994,60.790988333333345,61.159495,59.96854999999999,55.38688499999999,60.38066000000001,60.86207833333333,62.11421,62.230893333333334,,,,,,,,,,,,,,,,,,,,,,,,,,,,,,,,,,,,,,,,,,,,,,,,,,,,,,,,,,,,,,,,,,,,,,,,,,,,,,
60.14157833333332,59.141305,59.08087166666667,58.65209833333332,57.922249999999984,53.266543333333324,59.099926666666654,58.902055,56.97312166666666,62.046820000000004,54.677691666666675,60.784796666666665,61.128185,60.101320000000015,55.446591666666656,60.47606833333334,60.89313333333333,62.139738333333334,62.339608333333345,63.64177833333335,,,,,,,,,,,,,,,,,,,,,,,,,,,,,,,,,,,,,,,,,,,,,,,,,,,,,,,,,,,,,,,,,,,,,,,,,,,,,
56.34411333333333,55.544809999999984,55.41779833333333,54.93603666666667,54.24124333333334,49.700421666666664,55.45870833333334,55.27969333333334,52.303958333333334,58.351683333333334,50.90928333333333,57.08878333333334,57.341388333333335,56.374718333333334,51.66427166666667,56.73717333333334,57.110693333333316,58.44419833333333,58.64157,59.834713333333326,60.04744500000001,,,,,,,,,,,,,,,,,,,,,,,,,,,,,,,,,,,,,,,,,,,,,,,,,,,,,,,,,,,,,,,,,,,,,,,,,,,,
59.41940833333333,58.49759666666666,58.23446500000001,57.882549999999995,57.33401499999999,52.95919,58.476430000000015,58.22981166666667,55.851526666666665,61.419904999999986,54.01632333333334,60.23648166666667,60.80538666666667,59.47092000000001,54.81491833333334,59.93354333333334,60.44866499999999,61.48283166666667,61.64613833333332,63.05810166666665,63.166709999999995,59.50666166666668,,,,,,,,,,,,,,,,,,,,,,,,,,,,,,,,,,,,,,,,,,,,,,,,,,,,,,,,,,,,,,,,,,,,,,,,,,,
59.12147833333335,57.98537833333333,57.84468833333335,57.42237500000002,57.04964666666667,52.512063333333344,57.880359999999975,57.76953500000001,56.16434833333333,61.03240333333333,53.59479166666666,59.850348333333336,60.380635000000005,59.12568,54.39553666666666,59.58689833333332,60.039950000000005,61.16063333333333,61.14549999999999,62.573543333333326,62.74103666666667,59.06789333333333,61.90801999999999,,,,,,,,,,,,,,,,,,,,,,,,,,,,,,,,,,,,,,,,,,,,,,,,,,,,,,,,,,,,,,,,,,,,,,,,,,
59.36443666666667,58.35106500000002,58.223903333333325,57.91973666666669,57.274601666666655,52.85797833333332,58.407410000000006,58.13916333333334,55.567528333333335,61.36652833333332,53.96064333333333,60.16069333333333,60.650706666666665,59.42186499999998,54.751626666666674,59.82143999999999,60.274928333333335,61.42311333333331,61.55467666666667,62.784103333333334,63.022981666666674,59.36015999999999,62.26337333333333,61.96682166666667,,,,,,,,,,,,,,,,,,,,,,,,,,,,,,,,,,,,,,,,,,,,,,,,,,,,,,,,,,,,,,,,,,,,,,,,,
60.418771666666665,59.68166999999999,59.44219833333332,59.16962833333335,58.45244166666667,53.978289999999994,59.5771,59.41427833333333,56.10646999999999,62.503586666666656,55.11743333333332,61.28250333333333,61.64724,60.46727333333334,55.84366166666667,60.86242000000001,61.31253000000001,62.6161,62.84192833333334,64.07605833333332,64.15677333333333,60.398898333333335,63.470303333333334,63.248693333333335,63.17702999999999,,,,,,,,,,,,,,,,,,,,,,,,,,,,,,,,,,,,,,,,,,,,,,,,,,,,,,,,,,,,,,,,,,,,,,,,
60.62307666666668,59.83158333333333,59.66701000000001,59.366768333333326,58.671175000000005,54.155159999999995,59.80004833333332,59.67901166666667,56.55193166666667,62.70739999999999,55.32251999999999,61.52676499999999,61.94670000000002,60.70938333333334,56.09356,61.123570000000015,61.560878333333335,62.82137333333335,63.04202999999999,64.21680166666667,64.67735166666667,60.68372833333332,63.70112166666668,63.423506666666654,63.427605,64.67031666666666,,,,,,,,,,,,,,,,,,,,,,,,,,,,,,,,,,,,,,,,,,,,,,,,,,,,,,,,,,,,,,,,,,,,,,,
62.22667499999999,61.253205000000015,61.26197666666667,60.841145,60.33577166666667,55.90826666666666,61.22688833333332,61.19270666666666,58.961271666666654,64.29286333333333,56.938915,63.048608333333334,63.668333333333344,62.281874999999985,57.705254999999994,62.80133666666666,63.301023333333326,64.45949833333334,64.58503333333334,65.7315,65.84829,62.228179999999995,65.220435,64.90868166666665,65.01633833333334,66.29802666666667,66.50886666666669,,,,,,,,,,,,,,,,,,,,,,,,,,,,,,,,,,,,,,,,,,,,,,,,,,,,,,,,,,,,,,,,,,,,,,
57.59549333333334,56.89380166666667,56.75693500000001,56.42237500000002,55.819046666666665,51.83852333333334,56.784325,56.710421666666676,54.07484166666667,59.90292333333335,52.86720666666666,59.086724999999994,59.28872833333333,57.76234,53.66767333333333,58.79184500000001,59.21720666666667,60.35846166666666,60.51312833333335,61.53623833333335,61.64122666666666,58.04816,61.14933833333334,60.885003333333344,60.94041500000001,62.17859333333334,62.38258333333333,64.07151333333334,,,,,,,,,,,,,,,,,,,,,,,,,,,,,,,,,,,,,,,,,,,,,,,,,,,,,,,,,,,,,,,,,,,,,
59.646768333333334,58.94176666666665,58.587191666666655,58.23394333333335,57.609696666666665,53.420391666666674,58.72858666666667,58.54739833333332,56.311155,61.69861333333332,54.65171333333334,60.86887833333333,61.15463,59.78261166666666,55.46488833333333,60.588145000000004,60.98101333333334,62.11148500000001,62.27929666666666,63.584038333333325,63.83372999999998,60.137655,63.14991166666667,62.84233333333335,62.86416333333333,64.07300666666664,64.187795,65.98222333333334,61.874046666666665,,,,,,,,,,,,,,,,,,,,,,,,,,,,,,,,,,,,,,,,,,,,,,,,,,,,,,,,,,,,,,,,,,,,
59.29970999999999,58.302465,58.08644333333335,57.52690999999998,57.110011666666665,53.14697666666666,58.02058166666667,57.92776666666667,55.20334166666666,61.11093333333333,54.270855000000005,60.40841833333333,60.541116666666674,59.240014999999985,55.028376666666674,60.18525333333332,60.50705999999998,61.550740000000005,61.593131666666665,63.14116833333333,63.38476666666664,59.72256,62.670519999999996,62.19805,62.36939499999999,63.63176833333333,63.78547833333333,65.40193000000001,61.31982666666667,63.355496666666646,,,,,,,,,,,,,,,,,,,,,,,,,,,,,,,,,,,,,,,,,,,,,,,,,,,,,,,,,,,,,,,,,,,
61.385981666666645,60.61568333333334,60.40104666666666,60.17214666666667,59.49231833333333,55.427156666666654,60.520795,60.372825,58.89089500000001,63.57001000000002,56.51054,62.70613833333333,62.95175166666667,61.444379999999995,57.22336666666667,62.43763500000001,62.88223833333333,64.05390833333334,64.26318166666667,65.33236333333333,65.40382333333332,61.82605833333335,64.93340333333335,64.60138,64.664425,65.89869333333333,66.03810833333334,67.84962166666665,63.89145833333332,65.54367666666668,65.229085,,,,,,,,,,,,,,,,,,,,,,,,,,,,,,,,,,,,,,,,,,,,,,,,,,,,,,,,,,,,,,,,,,
68.30288499999999,67.31002833333334,67.09799333333333,66.84817666666665,66.03335666666666,61.69278,66.818515,66.62377999999998,64.95942666666666,70.19771833333334,65.37694499999999,68.949245,69.10146333333333,67.87215499999998,63.37550999999999,68.24463166666668,69.03848333333335,70.20248166666666,70.42963,71.724065,71.86698333333334,68.17491000000001,71.15817166666668,70.82818333333334,70.93563500000002,72.17232833333333,72.28138833333334,73.99286333333333,69.55442666666667,71.42099666666668,71.10937333333332,73.21101,,,,,,,,,,,,,,,,,,,,,,,,,,,,,,,,,,,,,,,,,,,,,,,,,,,,,,,,,,,,,,,,,
67.92800500000001,66.460765,66.26931166666665,65.863845,65.39572666666668,61.087376666666664,65.92066166666667,65.78997500000003,64.63941166666665,69.42501833333334,64.96235333333334,68.19959833333331,68.39794,67.10799166666668,62.774919999999995,67.54348999999999,68.36898666666667,69.48055000000001,69.58050166666666,70.95890666666666,71.11659833333331,67.49306666666668,70.35101333333333,69.99853666666667,70.15396833333334,71.45910666666666,71.44292666666666,73.17031166666668,68.91380666666667,70.69755500000001,70.22462166666665,72.51415166666668,79.21511333333335,,,,,,,,,,,,,,,,,,,,,,,,,,,,,,,,,,,,,,,,,,,,,,,,,,,,,,,,,,,,,,,,
67.13136666666665,66.04014333333333,65.89352,65.60216333333334,65.04359833333334,60.879911666666665,65.65297166666667,65.48638,63.134351666666674,69.05445833333333,63.83845,67.82804666666665,68.07631333333333,66.74282833333335,62.52035333333333,67.19634666666666,68.00227666666666,69.20407666666667,69.36861,70.556485,70.70386,67.02423,70.02939333333333,69.63847999999999,69.7459,71.05214666666667,71.15742833333334,72.91853333333334,68.61593,70.32247166666667,69.95396666666666,72.233175,78.88538666666665,78.101045,,,,,,,,,,,,,,,,,,,,,,,,,,,,,,,,,,,,,,,,,,,,,,,,,,,,,,,,,,,,,,,
64.13264,62.87049166666667,62.657101666666655,62.48940499999999,62.04329666666667,58.246875,62.943055,62.84852166666668,60.63486500000001,65.91751666666667,59.515648333333324,65.08032,65.21397499999999,64.04057666666668,60.07912666666667,64.56079000000003,64.87139833333333,66.06006333333335,66.12071166666668,67.507695,67.56732833333332,64.33742,67.305595,66.86378,67.141515,68.19193333333334,68.32859166666667,70.12592666666666,66.28492500000002,67.72023499999999,67.93614,69.58075666666669,75.704295,75.27944333333335,75.1571,,,,,,,,,,,,,,,,,,,,,,,,,,,,,,,,,,,,,,,,,,,,,,,,,,,,,,,,,,,,,,
66.77646166666668,65.71220166666666,65.59356166666666,65.31425499999999,64.71245499999999,60.320015,65.64368333333334,65.49348833333333,64.60701,68.72384833333335,61.47574,67.55046499999999,68.02650333333334,66.72588333333333,62.34667166666667,67.14536833333332,67.59723,69.11336166666668,69.02595666666666,70.20796,70.39178666666666,66.71942166666669,69.70850999999999,69.39357833333334,69.45194166666668,70.71494666666669,70.85340666666666,72.62126333333333,68.66619999999999,70.356735,69.92684333333334,72.16646833333334,78.46891666666666,77.75748166666668,77.426165,74.85451666666668,,,,,,,,,,,,,,,,,,,,,,,,,,,,,,,,,,,,,,,,,,,,,,,,,,,,,,,,,,,,,
68.30071166666667,67.19305666666668,67.11891666666666,66.75800333333333,66.09187499999999,61.619964999999986,66.80517666666667,66.60163833333333,64.24959333333334,70.133165,64.72293333333333,68.92988333333334,69.06322166666668,67.78481666666667,63.27416666666668,68.24733833333333,69.03967666666667,70.18385,70.38951166666666,71.66739833333332,71.92471666666668,68.19359166666666,71.200295,70.845045,70.87119666666668,72.27085666666665,72.281225,74.02921333333335,69.55596666666666,71.45025666666668,71.05319833333333,73.21211833333335,79.98079333333332,79.24853166666666,78.85817999999999,75.88416000000001,78.53754833333333,,,,,,,,,,,,,,,,,,,,,,,,,,,,,,,,,,,,,,,,,,,,,,,,,,,,,,,,,,,,
67.16041666666666,66.08637333333334,65.87634166666668,65.53795333333332,65.07553166666666,60.76197500000002,65.5648,65.50836499999998,63.86551999999998,69.07918499999998,64.59170999999998,67.83213666666667,67.988095,66.69408833333334,62.38069166666667,67.18294833333333,68.34041833333332,69.1657,69.25031666666668,70.56193666666667,70.79679666666665,67.11530333333333,70.02263333333333,69.71738333333333,69.80578666666666,71.04144000000001,71.14503333333336,72.93031166666668,68.55140333333335,70.30435666666666,69.88870166666665,72.24241833333333,78.82669166666666,78.03564666666668,77.73005333333332,74.73727500000003,77.425635,78.81313166666665,,,,,,,,,,,,,,,,,,,,,,,,,,,,,,,,,,,,,,,,,,,,,,,,,,,,,,,,,,,
64.38598166666667,62.86628333333333,62.65418833333333,62.57304166666666,62.02227666666665,58.09289833333334,62.857286666666674,62.844481666666674,61.65290166666667,65.90885,59.400011666666664,65.12376666666667,65.20903500000001,63.928155000000004,60.05906,64.63586666666666,64.97652166666668,66.08264833333334,66.27247,67.56573166666666,67.705755,64.29056833333334,67.25285500000001,66.788285,66.99871000000002,68.20990166666665,68.64865666666668,70.022875,66.24373333333332,67.73785333333332,67.69704166666668,69.6337,75.83817166666668,75.16033833333334,75.15580333333334,73.01462666666666,74.592335,75.71530666666666,74.68731833333332,,,,,,,,,,,,,,,,,,,,,,,,,,,,,,,,,,,,,,,,,,,,,,,,,,,,,,,,,,
67.1193833333333,66.11034166666664,65.93109,65.58432166666667,65.07953999999998,60.63458166666668,66.04357333333334,65.86068999999999,64.47370333333333,69.10866333333333,61.713518333333326,67.87500500000002,68.36883999999998,67.105155,62.58368999999999,67.505605,67.96722833333334,69.20567999999999,69.36032833333333,70.61598333333335,70.75029166666667,67.02040833333332,70.06852,69.73519166666667,69.82612,71.06199333333333,71.17500333333334,72.93103833333333,69.06478333333334,70.71266833333334,70.41255000000001,72.57916166666668,78.90388166666666,78.08293666666667,77.77160333333335,74.84513166666667,77.62416499999999,78.90763999999999,77.77056166666667,74.84773833333331,,,,,,,,,,,,,,,,,,,,,,,,,,,,,,,,,,,,,,,,,,,,,,,,,,,,,,,,,
64.80748666666669,63.560465,63.43940000000001,63.286604999999994,62.632855000000006,58.83702000000001,63.549771666666665,63.54131,60.99657166666667,66.60000666666664,60.16590833333332,65.75979666666666,65.87567833333334,64.572945,60.76796500000002,65.22368833333336,65.47685166666669,66.64465833333334,66.78454666666669,68.28479166666665,68.30242500000001,65.01849499999999,67.98995500000001,67.53493833333334,67.61398999999999,68.840345,69.08489833333334,70.78284500000001,66.85947999999999,68.43100000000001,68.33899000000001,70.24846166666666,76.430635,75.93659666666666,75.88246166666666,74.06659833333333,75.18078833333333,76.41015,75.39646833333333,73.60515166666667,75.49263166666668,,,,,,,,,,,,,,,,,,,,,,,,,,,,,,,,,,,,,,,,,,,,,,,,,,,,,,,,
70.11729333333335,68.875815,68.79179166666667,68.53081333333333,67.89377999999999,63.438514999999995,68.58067666666669,68.40153333333335,66.23760000000001,71.86330333333333,67.41879,70.6384066666667,70.84618333333333,69.38915499999999,65.20974333333334,69.90769666666665,70.84528166666666,72.01134666666667,72.20220833333333,73.49271999999999,73.41149999999999,69.70707333333333,72.86286666666666,72.52504833333333,72.57333833333333,74.07696499999999,73.92929,75.71299166666665,71.44282333333332,73.06374666666666,72.74786333333336,74.96773166666667,81.67436333333333,80.89069833333332,80.469315,77.69552,80.15533333333333,81.614485,80.46864666666666,77.71479166666667,80.52566499999999,78.42330166666666,,,,,,,,,,,,,,,,,,,,,,,,,,,,,,,,,,,,,,,,,,,,,,,,,,,,,,,
65.63959499999999,64.54821333333332,64.40258666666668,64.16145333333334,63.524383333333326,59.53642166666666,64.47967166666668,64.45394333333334,63.01220833333332,67.43346833333334,60.90335666666666,66.62592333333333,66.67121666666667,65.43083166666668,61.506295,66.12704,66.51097333333333,67.672745,67.88993333333333,69.14923,69.25078666666666,65.76463666666668,68.87102166666666,68.49319166666668,68.63404666666665,69.93927666666666,70.04332833333333,71.61574166666666,67.87027666666667,69.57828833333333,69.31735666666667,71.14620833333332,77.37985666666667,76.78212833333333,76.74096833333334,74.38213833333332,76.210965,77.32168833333333,76.31248500000001,74.17441333333333,76.36404499999999,75.04195499999997,79.00733166666666,,,,,,,,,,,,,,,,,,,,,,,,,,,,,,,,,,,,,,,,,,,,,,,,,,,,,,
69.81012166666667,69.00010666666667,68.86495333333335,68.48313166666665,67.8699,63.39886500000001,68.76489666666666,68.38927833333331,66.26843833333335,71.94128500000001,67.39139666666667,70.68068166666667,70.82378333333332,69.41547833333331,65.104545,69.85463833333334,70.79507,72.06327999999999,72.25089833333332,73.29301666666666,73.40395333333332,69.67593666666667,72.81155833333332,72.60270333333334,72.62637166666667,73.85225833333334,74.04091333333332,75.784875,71.47872166666666,73.12521333333333,72.80725833333335,75.20925833333334,81.54326666666668,80.89546000000001,80.46496000000002,77.64644999999999,80.11351666666665,81.54735666666667,80.58008666666667,77.60374499999999,80.49056500000002,78.15019,83.10703,79.08539833333333,,,,,,,,,,,,,,,,,,,,,,,,,,,,,,,,,,,,,,,,,,,,,,,,,,,,,
66.08154333333333,64.9305,64.860815,64.554075,64.03645166666665,60.15536666666668,64.86907000000001,65.24423499999999,62.57238000000001,67.93953833333333,61.492299999999986,67.15206500000001,67.25206166666666,65.87601666666667,62.24697500000002,66.526355,66.82219833333333,68.16502500000001,68.25898,69.55703666666666,69.645455,66.25303,69.33387333333334,68.89257666666666,69.09623833333335,70.23376499999999,70.47994833333334,72.11096166666667,68.35203833333334,69.72939333333335,69.81976333333333,71.71420833333333,77.81077666666668,77.48338666666668,77.33757166666666,75.41389,76.50966666666666,77.769595,76.82127166666665,75.010645,76.79063333333332,76.17333833333333,79.48480166666667,76.39562833333333,79.51789666666669,,,,,,,,,,,,,,,,,,,,,,,,,,,,,,,,,,,,,,,,,,,,,,,,,,,,
69.20140499999998,68.23616,68.12349166666668,67.76733833333333,67.12277166666667,62.784704999999995,68.15547999999998,68.01755999999997,67.39627999999998,71.17838499999998,64.02225166666668,69.94748500000001,70.39134499999999,69.17238666666667,64.83982166666667,69.55965833333333,70.08945666666666,71.36052,71.47404333333333,72.70083833333334,72.88474333333335,69.10991333333334,72.24064333333332,71.89912166666667,71.83070666666667,73.19700333333334,73.27847499999999,75.02314166666666,71.00460500000001,72.88850166666667,72.49045833333335,74.58213500000001,81.03549833333334,80.26754499999998,79.917135,76.96191499999999,79.59551999999998,81.03757833333334,79.95237499999998,76.914195,79.95773000000001,77.66325833333332,82.39794833333335,78.51943833333334,82.703315,78.99925333333334,,,,,,,,,,,,,,,,,,,,,,,,,,,,,,,,,,,,,,,,,,,,,,,,,,,
68.71777,67.74860833333332,67.58862333333333,67.333755,66.54434,62.19209666666667,67.58181499999998,67.45195666666666,66.20827000000001,70.63190499999999,63.46122166666667,69.44896,69.70652833333334,68.55659666666665,64.31883166666665,68.963945,69.57446166666665,70.77080666666666,70.96732666666668,72.126935,72.31441333333332,68.60855833333335,71.64467833333333,71.354315,71.30736666666668,72.57676666666667,72.705345,74.48535333333335,70.40394666666667,72.32371833333333,71.88581166666667,73.936065,80.30001666666666,79.76916666666666,79.22463333333334,76.64425666666669,78.73136500000001,80.32031666666667,79.17746166666666,76.66134666666667,79.18497333333335,77.20938666666666,81.733975,78.04525833333334,82.16652666666666,78.595135,81.23222666666666,,,,,,,,,,,,,,,,,,,,,,,,,,,,,,,,,,,,,,,,,,,,,,,,,,
70.34521833333332,69.44227166666667,69.22509833333334,68.99594666666667,68.38491833333333,64.47843166666665,69.21549166666667,69.15764666666668,66.344105,72.44053833333334,65.48892666666667,71.14553166666666,71.63695666666668,70.18672333333333,66.07792833333333,70.78604500000002,71.30489333333333,72.56219666666668,72.70864499999999,73.78762666666667,73.889315,70.26756,73.377325,73.09560333333333,73.13670833333333,74.32477166666669,74.48197333333334,76.20890666666668,72.17624166666667,73.90099333333335,73.588655,75.87001333333332,82.09212,81.38728666666667,81.026655,78.79348166666668,80.65583333333333,82.12921666666666,81.018715,78.78618499999999,81.01383,79.49451666666667,83.58023333333334,80.37475833333333,83.87518,80.83627333333334,83.16748333333332,82.46408000000002,,,,,,,,,,,,,,,,,,,,,,,,,,,,,,,,,,,,,,,,,,,,,,,,,
70.06281333333332,69.10169666666667,69.01796166666668,68.64666666666666,67.99261166666666,63.636158333333334,68.97605666666666,68.86830833333332,67.74462333333332,72.05708499999999,64.980555,70.78932833333334,71.29549333333334,69.96235833333333,65.64385333333335,70.37577166666667,70.97650666666667,72.24178666666668,72.38669833333333,73.49274666666665,73.61755500000001,69.90665833333334,72.97292833333334,72.77852666666666,72.81034000000001,74.03186833333335,74.12031,75.78678833333333,71.91769999999998,73.62180166666666,73.17670833333332,75.51347833333334,81.638895,81.10815000000001,80.70251833333333,78.01143000000002,80.24582,81.65062166666668,80.64651,78.10230666666666,80.67492,78.59057666666664,83.26234666666669,79.62618666666668,83.63851666666666,80.15809333333334,82.79369500000001,82.27621500000001,83.94548833333333,,,,,,,,,,,,,,,,,,,,,,,,,,,,,,,,,,,,,,,,,,,,,,,,
71.65531500000002,70.64021166666667,70.43673833333332,70.10398833333333,69.61496666666667,64.97371666666666,70.64264500000002,70.40856166666666,70.59872833333334,73.57932333333333,66.21519833333333,72.428875,72.932945,71.58790166666668,66.90393333333333,72.01854166666666,72.63371833333333,73.74616666666668,73.89963666666668,75.087845,75.29473999999999,71.85052166666665,74.60181000000001,74.28010499999998,74.34744,75.57870833333332,75.74840833333332,77.44745666666668,73.525795,75.27312833333333,74.91065666666665,77.12981166666668,83.42960333333333,82.67585333333334,82.30362833333334,79.27505833333333,81.93774333333332,83.46929000000002,82.23402000000002,79.25030500000001,82.34381833333332,79.92197999999999,84.73548666666667,80.87871,85.11601999999999,81.33487500000001,84.52585166666667,83.79016333333333,85.54882166666667,85.18236333333333,,,,,,,,,,,,,,,,,,,,,,,,,,,,,,,,,,,,,,,,,,,,,,,
71.75294333333332,70.68611499999999,70.45652,70.06383333333333,69.54739166666667,65.27276666666666,70.60082499999999,70.43795666666668,69.60581833333335,73.67781500000001,66.67128333333334,72.49087166666668,72.83850500000001,71.63188166666667,67.26103999999998,72.12159833333334,72.63685166666667,73.67001,73.82135666666666,75.16375666666666,75.35117000000001,71.73645833333333,74.56972000000002,74.23296166666668,74.41377666666668,75.68919666666669,75.8394016666667,77.51273,73.34309833333334,75.34211166666667,74.81421999999999,77.096585,83.43312166666664,82.75224666666666,82.24207499999999,79.54775166666667,81.768505,83.43644999999998,82.33558833333333,79.58843499999999,82.16758500000002,80.36377166666666,84.88411166666666,81.24625499999999,85.142265,81.73246166666665,84.376105,83.97007166666666,85.53260833333334,85.38021166666667,86.88184833333332,,,,,,,,,,,,,,,,,,,,,,,,,,,,,,,,,,,,,,,,,,,,,,
70.82261166666666,69.79286166666667,69.631975,69.34633333333332,69.038225,64.47223833333334,69.66885500000001,69.54152166666667,69.01067833333333,72.75741333333335,65.70478166666666,71.51188166666665,72.10753000000001,70.81763333333333,66.43855333333333,71.21427666666666,71.76460833333333,72.91660833333333,73.024665,74.20859666666666,74.41356166666665,70.78021000000001,73.84110333333331,73.38763666666667,73.50390666666668,74.75542833333333,75.16655333333331,76.63218166666668,72.65249666666664,74.35832333333336,73.967775,76.31711999999999,82.49676,81.90137666666665,81.39408500000003,78.782545,81.081455,82.55299666666669,81.42144166666667,78.76435500000001,81.45102666666666,79.516505,84.01992666666666,80.38967499999998,84.30089833333334,80.90124999999999,83.64878166666668,82.91436333333333,84.67936833333331,84.42192333333334,85.94963166666668,86.00479,,,,,,,,,,,,,,,,,,,,,,,,,,,,,,,,,,,,,,,,,,,,,
70.05012,69.06233666666667,68.92978666666666,68.51496666666665,67.94152499999998,63.41482000000001,68.95367833333333,68.78182166666666,67.89611333333336,71.93348666666667,64.74655333333334,70.70992666666665,71.25766166666666,69.95472000000001,65.45184833333333,70.36314333333333,70.93570166666667,72.113075,72.36187666666666,73.496695,73.51874333333332,69.93527333333334,73.02213666666667,72.76277333333336,72.75533499999999,73.94208833333332,74.08000000000001,75.79874666666666,71.92279833333333,73.53401833333335,73.17173999999999,75.60758333333334,81.59253499999998,81.07382333333335,80.57569166666669,77.99089666666669,80.24868166666666,81.652045,80.58564666666668,77.87233166666665,80.71380833333335,78.44038500000002,83.18454666666666,79.41560666666665,83.60134333333335,79.99848833333334,82.71583166666667,82.24823833333333,83.94404333333331,83.79725833333333,85.07456499999999,85.27542333333334,84.38195833333334,,,,,,,,,,,,,,,,,,,,,,,,,,,,,,,,,,,,,,,,,,,,
72.06753333333333,71.17715666666668,70.98072166666667,70.74521333333334,70.01315,65.49884666666668,71.10799833333333,70.91336833333332,70.84639166666665,74.08297166666667,66.599045,72.88957999999998,73.39317,72.03317999999999,67.47931666666668,72.51280000000001,72.98770666666667,74.19599000000001,74.34405000000001,75.58869499999999,75.77007499999999,72.08688,75.06948166666668,74.78718666666667,74.86943333333335,76.11917666666668,76.19865,77.86402666666665,73.90714166666667,76.02711000000002,75.38477666666665,77.47961166666667,83.86059833333334,83.20152000000002,82.74536333333334,79.69601499999999,82.40066499999999,83.86846666666666,82.73275666666666,79.66899,82.86646000000002,80.35919666666666,85.29634,81.21437666666667,85.63757,81.744485,84.932165,84.22494500000002,85.951105,85.63049833333334,87.34237666666668,87.35707333333333,86.40817,85.65585833333334,,,,,,,,,,,,,,,,,,,,,,,,,,,,,,,,,,,,,,,,,,,
71.49776333333334,70.49498166666667,70.38142333333333,69.97279833333333,69.34568333333333,65.24262833333333,70.29904166666667,70.160395,67.79547666666667,73.48727833333332,66.58265,72.22473833333333,72.68225000000001,71.41877833333331,67.23397833333333,71.85836166666667,72.44446666666667,73.54025166666666,73.66197666666666,74.97163,75.09075833333334,71.45197833333333,74.42927833333334,74.12471166666666,74.24095999999999,75.45671666666668,75.53596499999999,77.27007833333334,73.23426166666667,75.07307333333334,74.67527166666666,76.92242000000002,83.25413,82.51716666666665,82.03373333333334,80.00520333333334,81.78307,83.25976166666668,82.06156,79.99849499999999,82.18056500000002,80.63843833333334,84.64593333333335,81.47728666666667,84.92088333333334,82.04496666666667,84.31900833333331,83.60141666666665,85.31645666666668,84.91454833333333,86.64247666666667,86.73335666666667,85.77294499999999,84.98095833333333,87.12384833333334,,,,,,,,,,,,,,,,,,,,,,,,,,,,,,,,,,,,,,,,,,
72.81092499999998,71.78660833333335,71.64261,71.384255,70.98488333333331,66.13225666666668,71.77880166666667,71.61219166666666,71.274675,74.76082666666667,67.34314166666667,73.55593166666667,74.03161666666665,72.84624166666666,68.21367833333335,73.19812000000002,73.61669499999999,74.93871333333334,75.103425,76.36368333333334,76.47526,72.73834,75.73561000000001,75.46859166666665,75.48402833333333,76.79454666666668,76.90347666666666,78.86731833333333,74.64746833333334,76.45128833333334,76.02289999999998,78.16671666666666,84.55626833333334,83.89049833333333,83.39084500000001,80.45176500000001,83.10461,84.50286166666667,83.40760333333331,80.46320999999998,83.53000666666668,81.12939833333333,85.92412666666665,82.17366666666666,86.31056833333334,82.50357333333334,85.56302833333332,84.91150666666667,86.73372,86.42656666666666,87.99104833333334,88.02297833333333,87.11051166666667,86.34297666666666,88.38322166666666,87.74207166666667,,,,,,,,,,,,,,,,,,,,,,,,,,,,,,,,,,,,,,,,,
71.65230333333334,70.82273333333335,70.6186,70.39621000000001,69.649895,65.24763999999999,70.699005,70.50822166666667,69.18118,73.72987666666667,66.52345500000001,72.52105333333333,72.87076333333333,71.56225166666668,67.07997666666667,72.15007666666666,72.63310999999999,73.83873166666667,74.11874,75.20749333333332,75.359555,71.63836833333333,74.66857499999999,74.385995,74.47418333333333,75.67748666666665,75.89518,77.55257999999999,73.44333,75.19020333333334,74.90973499999998,77.071635,83.37160666666666,83.05885833333332,82.28028666666667,79.32479000000001,82.06426333333332,83.36772666666667,82.34268499999999,79.391185,82.36381333333334,80.316275,84.79807333333333,81.18550333333334,85.36434666666666,81.552535,84.47003166666666,83.65085166666667,85.618255,85.13093166666667,86.82989333333333,86.97139166666666,85.99430333333333,85.123915,87.17709333333332,86.63886166666667,87.90170833333333,,,,,,,,,,,,,,,,,,,,,,,,,,,,,,,,,,,,,,,,
73.08082166666667,72.20167666666666,72.08535333333333,71.79327833333332,71.08160666666664,66.76662666666667,72.05091666666665,71.90483333333333,70.22627833333333,75.19162333333333,68.18152166666667,73.91625666666665,74.34674833333334,73.06074166666667,68.84600166666665,73.50069500000001,73.99817166666666,75.28605,75.47845500000001,76.66125166666666,76.73563166666668,72.98314833333332,76.10868333333333,75.87048333333335,75.94034499999998,77.03826333333332,77.22534666666667,79.03547,74.9467766666667,76.70379666666668,76.41437833333333,78.53379333333334,84.88938166666665,84.16874166666666,83.76024500000001,81.34921499999999,83.39834,84.85731666666668,83.82479333333333,81.36238833333333,83.80896166666666,82.01838,86.24432833333334,83.00837499999999,86.70783333333333,83.47263000000001,85.83548166666668,85.35368999999999,87.07680166666668,86.76432333333332,88.25517166666668,88.42763,87.47589333333333,86.71638166666669,88.69060166666668,88.16762000000003,89.44164333333335,88.16293166666667,,,,,,,,,,,,,,,,,,,,,,,,,,,,,,,,,,,,,,,
73.56713999999998,72.3985,72.18279666666666,71.90943833333334,71.24340833333333,66.69199833333334,72.27716833333335,72.02068333333332,70.20116999999999,75.32857166666668,68.12295,73.95806833333333,74.21952666666667,73.16065000000002,68.78676166666668,73.60121666666666,73.94267333333333,75.38855833333334,75.47973999999999,76.65927333333335,76.80033333333333,73.07555666666666,76.22921500000001,76.08484999999997,75.94499500000002,77.13024999999999,77.21828333333333,78.94545500000001,74.96223166666665,76.80266833333334,76.48297,78.451985,84.79755166666665,84.18000166666666,83.75121999999998,81.03251166666666,83.49379833333332,84.78590666666668,83.783945,81.01158666666667,83.923355,81.75328833333333,86.17880833333332,82.60690000000002,86.77933000000002,83.2275,85.69021166666667,85.06796833333334,87.11863333333334,86.605195,88.29918166666667,88.37922999999999,87.43912999999999,86.64885166666666,88.62167333333332,88.12838666666666,89.42446666666666,87.99859666666666,89.58831166666668,,,,,,,,,,,,,,,,,,,,,,,,,,,,,,,,,,,,,,
74.64891166666665,73.65024500000001,73.50189166666667,73.509575,72.64676499999999,68.09305833333335,73.51433833333331,73.42407666666666,72.473125,76.71933666666666,69.37347,75.47952,75.97682333333333,74.53816166666667,70.05513499999998,75.07543166666667,75.62138666666668,76.80019333333335,76.93344666666667,78.131335,78.2620066666667,74.56730333333331,77.68695,77.29897999999999,77.41478333333335,78.52716000000001,78.65896333333335,80.50292,76.59015166666667,78.18500166666666,77.95153333333334,80.08649666666666,86.43648166666667,85.73250666666665,85.223995,82.38395333333332,84.90150166666666,86.40286666666668,85.285495,82.40779666666666,85.20693333333331,83.12522333333332,87.83336500000001,84.19962499999998,88.11014666666667,84.42329666666666,87.41467333333335,86.81929833333335,88.59564833333334,88.24948333333334,89.900735,89.95673500000002,88.95956666666666,88.20192499999999,90.272745,89.62922833333333,91.01334333333331,89.75054,91.14947333333333,91.26352333333332,,,,,,,,,,,,,,,,,,,,,,,,,,,,,,,,,,,,,
73.19652833333333,71.886375,71.70347833333332,71.41056999999998,70.74608500000001,66.65227333333335,71.75540333333335,71.617425,68.99270333333331,74.83558333333333,67.92614333333334,73.60736,73.94697999999998,72.83165666666666,68.53881333333332,73.14882000000001,73.79400666666666,75.01273,75.17673833333333,76.38818833333333,76.50904166666665,72.82558666666667,75.88013833333333,75.51243833333332,75.53872833333335,76.81921166666667,76.99154499999999,78.63306666666666,74.60306000000001,76.43885166666668,76.13476833333333,78.19894166666666,84.56081166666668,83.93168666666666,83.46690833333334,81.19526999999998,83.23781000000002,84.55490333333334,83.49636833333335,81.24912166666668,83.608635,81.89979000000002,85.91435666666666,82.77496000000002,86.29232,83.27227666666666,85.68578499999998,84.93729833333332,86.73599833333333,86.379015,88.009895,88.08281333333332,87.13891666666666,86.46733166666667,88.41832833333332,87.87170166666667,89.16120666666667,87.91204666666667,89.35930000000002,89.30641666666665,90.81121,,,,,,,,,,,,,,,,,,,,,,,,,,,,,,,,,,,,
72.21721000000001,71.21909833333335,71.10111333333332,70.71814,70.03482500000001,65.73460166666668,71.05623999999997,70.97793333333333,70.16011666666668,74.13576666666665,66.933485,72.94691499999999,73.28709333333332,72.11913666666669,67.81010333333333,72.55942333333333,73.04984666666668,74.16641833333335,74.359625,75.72634666666669,75.89989499999999,72.20071000000002,75.11727499999999,74.83258333333333,74.92850499999999,76.09309666666668,76.230665,77.93470499999998,74.15608666666665,75.83939499999998,75.41222333333334,77.48151666666668,83.923445,83.28373166666668,82.68381,80.34474166666668,82.12320333333332,83.8392866666667,82.66994333333335,80.24050333333332,82.70734500000002,80.88723999999998,85.25654,81.65750333333334,85.74987333333333,82.23674833333332,84.81094166666666,84.61433333333335,85.95632333333333,85.89684833333335,87.31226666666666,87.51952833333333,86.31849333333334,85.82099333333335,87.74455166666667,87.100425,88.43242666666666,87.21069333333332,88.60845166666667,88.55788000000001,90.07832000000002,88.51633166666666,,,,,,,,,,,,,,,,,,,,,,,,,,,,,,,,,,,
74.41332333333335,73.37045833333335,73.22820333333333,73.01260166666664,72.41789,68.07214833333335,73.34840333333332,73.16506833333332,72.15314,76.43702499999999,69.28787333333334,75.16648833333333,75.62992,74.24078166666663,70.02670666666667,74.73601,75.29752833333333,76.56687166666667,76.77013000000001,77.84589833333335,78.02820166666667,74.31956333333333,77.33498833333331,77.04021499999999,77.119915,78.29174,78.41582666666666,80.15957166666666,76.31651500000002,77.95581166666666,77.57600666666667,79.79972666666667,86.02741333333334,85.51406333333335,85.00825999999998,82.292475,84.66036500000001,86.01193333333332,85.04023166666666,82.35266,85.053675,82.95212833333333,87.64884666666669,83.825635,87.86911166666667,84.31606833333335,87.25143166666666,86.56196166666666,88.29557666666666,87.98848500000001,89.55039166666666,89.67950333333334,88.67435666666664,87.95578166666667,90.03121833333334,89.36785666666667,90.70661833333332,89.45443166666665,90.84567333333332,90.84754666666664,92.31862166666669,90.80670833333333,90.04864666666667,,,,,,,,,,,,,,,,,,,,,,,,,,,,,,,,,,
80.73777166666667,79.77563000000002,79.539835,79.28765333333332,78.64803,74.71816499999998,79.34087833333334,79.17588500000002,76.74919000000001,82.7376,77.47822333333335,81.56641333333333,81.63336166666667,80.28781833333333,76.20343666666666,80.7793366666667,81.55391166666669,82.82053,83.060225,84.21942000000001,84.50200833333332,80.78233833333334,84.072435,83.48970666666666,83.56484166666665,84.76018333333333,84.94911333333333,86.64520333333333,82.42934500000001,84.02679666666666,83.84444166666665,85.895155,92.55281166666667,92.11845833333335,91.78710333333332,89.38469833333333,91.13869833333332,92.54178,91.53876166666664,89.20978499999998,91.76918333333333,90.05054333333335,94.20855500000002,90.72333666666665,94.41023833333334,91.39078333333335,93.77225833333333,93.25838166666666,95.14912500000001,94.76644833333333,95.98283166666666,96.29871500000002,95.45034499999998,94.58063833333334,96.46344666666667,96.40071166666667,97.18939666666665,96.00466666666667,97.71195833333336,97.62817333333336,98.89785833333333,97.62775333333333,96.79755666666667,98.99166000000002,,,,,,,,,,,,,,,,,,,,,,,,,,,,,,,,,
80.00637666666668,79.08342833333334,78.95285666666665,78.55414499999998,77.98250666666667,73.93862833333334,78.67904833333336,78.50009166666666,76.7445,82.10827,77.44586166666667,80.85723333333333,80.97299833333334,79.6001183333333,75.49861666666668,80.12134833333333,81.02960833333333,82.11862166666667,82.38309833333334,83.56905166666667,83.78144666666667,80.00588666666667,83.00537833333333,82.74869999999999,82.88648500000001,84.04625499999999,84.26881,85.89898999999997,81.62323333333332,83.27464333333333,83.02909,85.10972166666667,91.87417666666668,91.29077999999998,90.99589000000002,88.53845833333334,90.45232333333335,91.81495166666666,90.84191833333335,88.31944999999999,90.68986833333335,89.21703833333333,93.40545166666666,89.85955833333333,93.63008166666667,90.50395666666665,92.87473166666665,92.45693,94.426375,93.94819,95.27583666666665,95.552915,94.67997500000001,93.88370999999998,95.81256833333335,95.63122166666666,96.43140833333334,95.39893166666666,96.87062666666667,96.845415,98.06167333333333,96.92721666666667,96.04839333333334,98.18021333333334,105.07165,,,,,,,,,,,,,,,,,,,,,,,,,,,,,,,,
77.50826333333333,76.41505166666666,76.27748333333334,76.07607499999999,75.47275833333336,71.53032666666667,76.46875833333333,76.382155,73.19159333333334,79.481875,72.82916833333333,78.39082666666667,78.65984666666667,77.38556166666666,73.49054333333332,77.96926833333333,78.43465833333333,79.67165,79.91688333333335,81.11948833333335,81.24707500000001,77.6970516666667,80.74678666666665,80.28465333333335,80.46509166666665,81.567625,81.73998999999999,83.48665833333332,79.54630166666665,81.21303833333333,81.00151666666666,83.07334833333333,89.252945,88.59775166666668,88.56296999999999,86.54052000000001,87.79136833333334,89.170675,88.25787666666668,86.39300833333333,88.30510333333334,87.289065,90.83936166666668,87.81538166666665,91.29751333333336,88.63572166666667,90.397385,90.01905166666668,92.10104166666666,91.49784333333332,92.76190333333335,93.07985833333332,92.23462166666667,91.40661,93.23206499999999,93.19042333333334,94.06935999999997,92.96224166666666,94.54195166666668,94.71125666666669,95.72714666666666,94.41111833333333,93.60825333333334,95.77318333333332,102.59409666666667,101.87467333333333,,,,,,,,,,,,,,,,,,,,,,,,,,,,,,,
78.85981000000001,77.77189,77.66304333333333,77.39666166666667,76.86325500000001,72.52832166666666,77.66957333333335,77.60727,77.08379,80.87004999999999,73.80231166666665,79.62929333333334,80.25722166666667,78.66422499999999,74.44154166666667,79.19878666666666,79.87754166666666,81.004335,81.13269,82.29361666666667,82.470465,78.78773000000001,81.75198333333334,81.535065,81.57775166666666,82.80364000000002,82.93722666666666,84.65773,80.65414499999999,82.41652833333332,81.967225,84.21704666666666,90.83115166666667,89.96035,89.637105,87.11833166666668,89.29684666666668,90.65587333333333,89.57436499999999,87.02560666666668,89.56788333333333,87.77913666666666,92.15313833333333,88.49211833333334,92.41304500000001,89.11426,91.71636,91.11696999999998,93.04903666666667,92.56744499999999,94.13837833333332,94.20462500000002,93.39592499999999,92.51567,94.82639833333334,94.234615,95.25693333333332,94.03017000000003,95.56261999999998,95.42823333333334,96.89159500000001,95.67526166666664,94.63353166666667,97.03692666666667,103.51834,102.79635499999998,100.27728666666667,,,,,,,,,,,,,,,,,,,,,,,,,,,,,,
81.724655,80.63532500000001,80.45437166666666,80.11270666666667,79.49550833333333,75.29549333333334,80.11323500000002,79.98764166666666,76.80752833333332,83.51018166666667,77.57399,82.25229166666665,82.39623166666667,81.10406833333332,76.93029166666666,81.47340500000001,82.46184833333332,83.64898666666667,83.90576499999999,85.00560166666666,85.21545166666668,81.426515,84.53231166666666,84.20596333333333,84.17567666666667,85.44789333333333,85.60006333333332,87.408325,83.03565499999999,84.74148666666666,84.4169,86.51419666666666,93.41242166666667,92.72433166666667,92.31829833333333,89.79202500000002,91.90091333333332,93.26738166666667,92.27687666666667,89.82574333333332,92.29971499999999,90.53777833333335,95.06592666666666,91.33964499999998,95.11824166666668,91.97027833333335,94.34629166666666,93.90023833333333,95.78351666666669,95.39236666666667,96.713085,96.91932166666668,96.01588666666666,95.28536500000001,97.149545,96.86885333333333,97.86674333333333,97.06529666666667,98.225315,98.14053166666666,99.57416833333333,98.16656166666667,97.402275,99.72821,106.22902333333334,105.54849666666667,103.32237666666667,104.12291499999998,,,,,,,,,,,,,,,,,,,,,,,,,,,,,
78.98855833333334,77.99675666666667,77.90735166666667,77.62758166666667,76.98710333333334,72.86965666666667,77.91090666666668,78.01551833333332,77.22611500000002,81.03414500000001,73.97257833333335,79.788975,80.30656333333333,78.84295333333334,74.68802333333335,79.43098833333332,79.998985,81.179965,81.35210000000001,82.47680833333334,82.66765166666666,78.96518166666668,81.95931000000002,81.63878666666669,81.72089166666665,83.00904166666669,83.21213333333331,84.93734833333333,80.95862666666666,82.57181999999999,82.32292500000001,84.43437333333333,90.96652333333333,90.25782166666667,90.00999166666666,87.46402166666667,89.55381833333333,90.81863,89.87801833333333,87.30154833333333,89.93409333333334,88.150305,92.54022666666667,88.74665166666665,92.57915333333334,89.34981666666667,92.038675,91.44535833333335,93.52305833333334,93.18559333333333,94.36381666666665,94.521945,93.68332333333333,92.81147666666666,94.73719333333334,94.69415999999998,95.45446333333334,94.39411499999999,95.94493333333334,95.83937333333333,97.06772666666667,96.14778666666668,94.87001499999998,97.336915,103.87324166666666,103.33028666666665,100.90079333333334,101.93748499999997,104.53277499999999,,,,,,,,,,,,,,,,,,,,,,,,,,,,
80.91109166666668,79.97769,79.81860166666667,79.52157166666667,78.83138166666667,74.83232999999998,79.51618500000001,79.38356666666665,77.59311333333332,82.97588999999999,78.28784833333336,81.78456999999997,81.85250333333333,80.48565833333333,76.36152166666666,80.93278166666667,81.82313500000001,82.91666833333333,83.23912500000002,84.46221,84.571535,80.82595333333332,84.00063,83.62536000000001,83.67270500000001,84.91687000000002,85.05535333333333,86.747915,82.51961833333334,84.118485,83.91758166666666,85.93420166666665,92.76899000000002,92.15958,91.83398666666666,89.59863166666666,91.33851166666669,92.67613833333334,91.81205333333334,89.29755333333333,91.75119166666666,90.03190500000001,94.30915666666665,90.88469833333333,94.52523000000001,91.45373499999997,93.75354333333335,93.41396166666667,95.40889666666666,94.99603333333333,96.21521666666668,96.51665500000001,95.60760833333333,94.74966833333333,96.51830833333335,96.43929833333334,97.33600166666668,96.18293333333334,97.81320833333334,97.82833333333333,98.91834,97.72158499999999,96.83391666666667,99.04267166666668,105.72593499999999,105.12581166666666,102.72120333333335,103.71284833333333,106.43474833333336,104.06981666666668,,,,,,,,,,,,,,,,,,,,,,,,,,,
79.96527,78.67361500000001,78.4481,78.07564333333333,77.54646166666667,73.57933999999999,78.15123166666667,77.97868833333331,74.92442666666665,81.61829,75.74177666666668,80.38125833333334,80.57814833333333,79.16167,75.26136166666666,79.70140166666665,80.64734166666668,81.72785333333337,81.87161333333333,83.09752833333332,83.24735833333332,79.979015,82.61145,82.24696499999999,82.45863166666668,83.62597166666666,83.79966833333334,85.47158666666668,81.28320499999998,82.84451833333334,82.66572666666667,84.7783,91.41955999999999,90.95111999999999,90.63992666666668,88.36423333333333,90.103765,91.45649666666665,90.48166666666667,88.2714,90.28492333333332,89.06358166666665,93.04407666666668,89.66047333333333,93.28129666666665,90.47194166666668,92.64336833333333,92.13255000000002,94.12800500000002,93.53016166666669,94.86376,95.28452999999999,94.26745166666666,93.41555333333334,95.32259999999998,95.14480999999999,96.00396833333333,94.87182,96.49319333333334,96.42995833333336,97.65794000000001,96.47829166666666,95.63889666666665,97.81408,104.50463333333333,103.78993166666666,101.70689,102.38624333333335,105.10294333333334,102.86339833333332,104.82263333333333,,,,,,,,,,,,,,,,,,,,,,,,,,
78.38089333333332,77.37114,77.22926500000001,77.057665,76.42746166666666,72.39700666666666,77.34611666666667,77.34089999999999,74.25343,80.35368333333335,73.77279,79.29621999999999,79.70792,78.34106833333334,74.41117666666668,78.84920000000001,79.25092833333335,80.63391000000001,80.85431166666666,81.89543166666668,82.01384833333331,78.43251000000001,81.41829333333334,81.22046333333333,81.26706666666668,82.40521000000001,82.66103166666667,84.37620666666668,80.47732833333335,82.03729166666666,81.79669833333332,83.94832500000001,90.14617833333335,89.50620166666666,89.46064333333334,87.53183500000002,88.65669499999998,90.07946833333331,89.08569666666668,87.32017,89.15027500000001,88.14580000000001,91.79458,88.6912433333333,91.92990666666665,89.52848833333333,91.20328,90.88929833333334,92.978575,92.34331666666668,93.59066833333333,94.013195,93.11018333333335,92.28117666666668,94.05329,94.06198000000002,94.82854333333333,93.930045,95.39465,95.34326666666665,96.52140166666668,95.29249833333331,94.72176166666665,96.54696333333334,103.51318833333333,102.79001333333333,101.00564166666666,101.16615833333333,104.09148333333331,101.56635000000001,103.58546166666666,102.65304666666667,,,,,,,,,,,,,,,,,,,,,,,,,
79.843805,78.887645,78.69541166666667,78.22982833333333,77.74812666666668,73.49499333333333,78.64176833333335,78.53415166666667,77.86978333333333,81.80958166666666,74.86111666666665,80.55577166666667,81.00014833333333,79.72019166666666,75.48899,80.248895,80.723715,81.92799166666667,82.11092666666667,83.37055666666667,83.54419999999999,79.81631166666666,82.88662666666666,82.44890833333334,82.66458,83.763745,84.01443333333334,85.65383,81.60272,83.40292333333333,83.06251333333334,85.12059833333332,91.68597166666667,90.92032333333333,90.72823833333335,88.08503,90.15229666666666,91.67023166666667,90.58571500000001,88.03093499999999,90.57458833333332,88.82470333333332,93.31163666666667,89.45614166666667,93.43160666666667,90.16415666666667,92.61410833333332,92.12438166666668,94.080665,93.56526999999998,95.122295,95.27567999999998,94.34874833333333,93.49046,95.53609,95.25201499999999,96.22125333333332,94.99710666666665,96.615525,96.33150833333333,97.97358333333334,96.59323833333333,95.69007666666666,98.23194999999998,104.64449499999999,103.97635833333334,101.30979500000001,102.56493500000002,105.21100666666668,102.89479166666666,104.83707666666665,103.46824666666669,102.3317366666667,,,,,,,,,,,,,,,,,,,,,,,,
81.21803333333335,80.39646833333335,80.19369166666667,79.90539,79.21693333333334,75.06044999999999,79.89225,79.73163166666667,77.66081,83.27936333333332,78.55644500000002,81.923435,81.98304166666665,80.82889999999999,76.68237166666667,81.31284333333332,82.16373499999999,83.41139333333334,83.61877333333332,84.75274333333333,84.97310833333333,81.17088333333332,84.22166666666665,83.97732666666666,84.06005,85.17802666666667,85.388465,87.37962499999999,82.73115666666668,84.53496,84.25745666666667,86.26498000000001,93.06560333333333,92.33336,91.80768499999999,89.22550000000001,91.58486666666667,92.97355666666667,91.88613333333335,89.28858833333335,91.94830999999999,90.07419333333333,94.458055,90.92545333333332,94.82754,91.67876833333334,94.14012833333334,93.42331833333334,95.24504166666667,94.79870499999998,96.39255166666666,96.53516499999999,95.59275666666665,94.84035666666668,96.80412833333334,96.20876999999999,97.65731000000001,96.26458333333333,97.70291999999999,98.09532833333336,99.27209666666667,97.58821833333333,96.95438166666666,99.23526166666666,105.83492333333334,105.17374333333336,102.76371666666667,103.8796,106.48185833333332,104.27318999999999,106.06722333333333,104.69645833333334,103.58107666666666,104.88363,,,,,,,,,,,,,,,,,,,,,,,
79.33304166666666,78.23395166666666,78.10543833333332,77.82228833333333,77.23554833333334,73.26230333333334,78.22993833333332,78.08203166666668,77.15834,81.27341666666666,74.56407,80.30378833333333,80.50423500000001,79.14602666666669,75.281505,79.75431666666667,80.25902666666667,81.52711166666668,81.69324500000002,82.89086,83.00244333333333,79.43975666666667,82.39555999999999,82.13254166666667,82.29272500000003,83.41311333333334,83.53482833333334,85.27442666666667,81.32734833333333,83.00838999999999,82.79663999999997,84.87364833333335,91.09316833333334,90.53300166666666,90.32018,88.11802333333335,89.54558833333331,91.00921333333334,89.947125,87.91572333333332,90.03175000000002,88.98239000000001,92.67067,89.43636333333333,92.84269999999998,90.27954166666669,92.19305666666668,91.86688333333335,93.90119666666665,93.32556166666667,94.49266500000002,94.91775166666666,93.95448,93.31215333333333,94.91241000000002,94.98988833333331,95.72370666666667,94.70330333333332,96.28852333333333,96.188205,97.385005,96.25932166666666,95.337065,97.47491333333333,104.44383833333333,103.60962666666666,101.72656166666667,102.08236833333332,104.97087666666667,102.56179666666667,104.47861,103.49034666666665,102.61994333333334,103.14557999999998,104.49287166666666,,,,,,,,,,,,,,,,,,,,,,
81.10193166666667,80.14162166666667,80.05252666666667,79.68119000000002,79.03972333333333,75.09270499999998,80.08154166666667,79.94453500000002,78.89663999999999,83.13743666666667,76.14207833333334,81.93581499999999,82.26572333333334,81.14399,76.80675500000001,81.44141833333336,81.95727666666669,83.33256333333333,83.56641,84.64605166666665,84.77295500000001,81.08852666666668,84.04477833333334,83.80092333333334,83.79050166666667,85.06885666666665,85.26520666666664,86.95933333333332,83.02530333333334,84.69834166666668,84.39205166666667,86.59136666666666,93.03963333333331,92.23396833333331,91.90735666666666,89.06347666666665,91.73949833333333,93.12819833333333,91.84323166666668,89.10228666666666,92.03157666666667,89.67296499999999,94.79063000000002,90.73295666666668,94.692735,91.157465,93.998495,93.37394833333332,95.224505,94.839175,96.52832666666664,96.48140166666666,95.6296,94.74072,96.89567666666663,96.39955,97.60274499999998,96.46673666666666,97.86639333333333,97.83996166666667,99.20984833333333,97.8190116666667,96.88820333333334,99.26754166666666,105.78013,105.19901999999999,102.79500666666665,103.98639833333333,106.41296666666666,104.22235500000002,106.00897166666667,104.68667833333333,103.56197833333334,104.81003333333334,106.07701166666666,104.56983666666669,,,,,,,,,,,,,,,,,,,,,
81.48053166666665,80.19755666666667,80.02768333333334,79.71695666666665,79.06261333333335,74.97124666666667,79.790205,79.56067,76.20302500000001,83.17926333333332,77.16378666666665,81.87690500000002,82.10643666666664,80.80036333333334,76.61060333333333,81.09116666666667,82.03001666666667,83.24240999999998,83.46994999999998,84.67365500000001,84.755375,81.07675666666667,84.08418166666664,83.87284833333335,83.85453833333334,85.09311166666669,85.20257166666667,86.96019,82.58445166666668,84.37612000000001,84.11261333333333,86.08978166666667,92.93766333333335,92.35602,91.90403500000002,89.59621000000001,91.501295,92.81218000000003,91.80019499999999,89.54086166666667,92.10426666666666,90.35269333333333,94.323745,91.07100833333331,94.78630166666667,91.697235,93.91090833333335,93.60995666666666,95.33843166666665,95.07074666666666,96.37327333333334,96.58149,95.67678000000001,94.91829666666668,96.89522833333332,96.45785166666668,97.49363999999997,96.26384666666667,97.69238666666668,97.77188166666669,99.21974333333331,97.78846,97.06840166666667,99.24253666666668,105.92806666666667,105.192705,103.00304333333334,103.791985,106.47098499999998,104.16700833333333,106.17005833333334,104.825935,103.92264666666667,104.79205000000002,105.96340666666666,104.73040333333334,105.94264333333331,,,,,,,,,,,,,,,,,,,,
80.04508833333334,78.91855166666666,78.78903166666667,78.63704833333333,77.93011666666666,74.02903999999998,78.92941499999999,78.82465166666667,75.48871,81.98146,75.38396333333333,80.98042166666666,81.24842333333333,79.863295,76.04716333333334,80.83491833333335,81.03491333333332,82.15454166666666,82.39914333333331,83.65205666666667,83.77160166666665,80.21356999999999,83.25054166666668,82.84173166666667,82.99601166666665,84.18381500000001,84.33811166666668,86.00109166666668,82.03663833333333,83.74711333333333,83.63209666666667,85.481925,91.80519833333334,91.15604833333333,91.12140333333333,89.13799166666665,90.30531833333335,91.73493666666668,90.7434,88.86487666666667,90.79299666666667,89.79583999999998,93.47528833333334,90.32047166666666,93.529265,91.26389,92.86846166666669,92.60854833333332,94.64270166666665,94.07918666666667,95.42750833333334,95.60136333333332,94.79497666666666,94.17245833333332,95.68874,95.71339500000002,96.44636666666665,95.48582166666665,97.02205333333333,97.15171666666666,98.190755,96.96302499999997,96.05156,98.21424499999999,105.13282500000001,104.38889333333334,102.61480166666666,102.95043166666667,105.66961333333333,103.44999666666668,105.25911833333335,104.16937666666666,103.53209000000001,104.00135999999999,105.22486833333333,104.31081166666668,105.25750833333332,105.44022833333331,,,,,,,,,,,,,,,,,,,
81.36147,80.40588666666666,80.27819333333333,79.84821666666667,79.54810499999998,75.14279666666665,80.27582333333335,80.12924666666667,77.45911499999998,83.34564333333336,76.393785,82.03972833333334,82.59932999999998,81.16884833333333,77.08567666666667,81.58863833333332,82.20986166666665,83.37362333333331,83.65676666666667,84.86455333333333,84.86839333333334,81.26827333333334,84.33708333333333,84.04285166666668,84.09257333333332,85.37366833333333,85.51168,87.21382,83.299665,84.89076333333335,84.65958166666667,86.777555,93.18407666666666,92.58442500000002,92.28551333333333,90.11703833333333,91.76651333333334,93.13595833333333,92.17822166666667,89.971535,92.15133999999999,90.864575,94.72361000000001,91.37583333333333,95.02222166666667,92.183255,94.19138833333334,93.70674833333334,95.75097499999998,95.257625,96.52894333333333,96.75880166666664,96.09898833333331,95.05882666666666,96.932725,96.92125833333334,97.72662666666666,96.62792166666668,98.20094,98.15324333333335,99.43334,98.23235833333332,97.26073833333335,99.49718333333335,106.27851333333334,105.52975833333335,103.49200333333334,104.12776333333333,106.82285166666666,104.510215,106.51911833333332,105.28016000000001,104.40995166666666,105.12524666666667,106.45836333333334,105.22071666666668,106.48823333333334,106.59788166666667,105.99777833333333,,,,,,,,,,,,,,,,,,
82.82499333333334,81.56959833333333,81.39630166666667,81.07585833333333,80.55048333333333,76.325845,81.49742666666667,81.36536833333334,78.185655,84.56819666666668,77.66454500000002,83.30837999999999,83.874525,82.46412,78.383635,82.97238999999999,83.58941666666665,84.75646,84.83642166666665,85.94681833333334,86.12292333333333,82.46045166666667,85.48202166666665,85.20308166666666,85.26405000000001,86.54660166666666,86.674725,88.309175,84.56659166666665,86.02474166666666,85.76224166666667,87.97191333333332,94.36458999999999,93.71110166666666,93.37609499999999,91.30921166666666,92.91540666666667,94.29395333333332,93.29537499999999,91.16477333333333,93.13769,92.07227666666667,95.96485333333332,92.76219,96.12524833333333,93.39166833333334,95.42411833333333,94.85118,96.76174000000002,96.326325,97.71146833333334,97.89040666666668,97.07828833333333,96.24048666666668,98.16847833333334,97.82042000000003,99.219455,97.82101999999998,99.26876166666666,99.28626666666666,100.58637666666668,99.11827000000001,98.4013033333333,100.66889666666665,107.41365166666667,106.85428000000002,104.62149,105.389425,108.05111,105.85281166666667,107.73976666666665,106.37859333333334,105.59029000000002,106.35437999999998,107.44590166666666,106.46346166666666,107.52378833333333,107.65287333333332,107.22376333333335,108.19764666666667,,,,,,,,,,,,,,,,,
82.709085,81.76985833333333,81.65615833333331,81.29633,80.73257833333334,76.63304333333332,81.71630333333333,81.48749666666669,78.75532833333335,84.77914666666666,77.83992500000001,83.53626833333333,84.16752000000001,82.67725833333331,78.51040666666665,83.18209499999999,83.76815666666667,84.83914666666668,85.06096000000001,86.21590833333335,86.35550666666668,82.74582500000001,85.76881833333333,85.36842833333334,85.48347333333332,86.78360833333335,87.02322666666667,88.65808666666668,84.73149499999998,86.58603,86.06915333333335,88.19292333333334,94.66179500000001,93.97647500000001,93.80476833333333,91.73543666666666,93.17232166666668,94.536065,93.56906166666666,91.40640166666664,93.35929166666669,92.36847833333334,96.28589833333332,92.86893166666665,96.38893499999999,93.97816,95.71498999999999,95.26722333333332,97.26458333333333,96.83422166666668,98.05942000000002,98.22906833333332,97.46789666666668,96.54343833333333,98.51248166666666,98.38981833333334,99.16369833333334,98.171695,99.77362999999998,99.703905,101.136955,99.64745499999998,98.79491166666666,100.88199000000002,107.63059833333332,107.03162833333333,104.97462666666665,105.59541999999999,108.30202166666668,105.96371333333333,107.91368333333334,106.71984,105.88330499999998,106.60842833333334,107.81762833333332,106.68371333333333,107.89470333333334,107.99823666666667,107.50341999999999,108.46012333333334,109.64406,,,,,,,,,,,,,,,,
84.63424166666667,83.77890166666667,83.67707833333334,83.21974666666667,82.55657666666664,78.5012,83.63262666666667,83.522655,80.64328333333333,86.73773666666665,79.84913666666667,85.41551666666666,85.94010833333333,84.65242666666666,80.50745333333333,85.10137166666668,85.53836333333332,86.792305,86.93013333333333,88.15799999999999,88.26895,84.67240666666669,87.64837000000001,87.36198333333336,87.46923500000003,88.58761833333335,88.740425,90.44085166666667,86.55010333333331,88.27367166666666,87.96863499999998,90.03886333333332,96.46583000000001,95.87014,95.78491666666666,93.32042833333333,95.00201,96.44209333333333,95.39385500000002,93.14690166666668,95.367675,93.95850666666668,98.01354500000001,94.77670833333332,98.17668333333334,95.428405,97.52487,97.04654333333333,99.133115,98.506875,99.82723833333333,100.11574666666667,99.22174166666669,98.34675500000002,100.33116166666665,100.03247666666668,101.07230166666666,99.874235,101.43572166666667,101.47206666666668,102.67327333333333,101.29279666666667,100.522485,102.69163999999998,109.4953166666667,108.94228833333334,106.67494166666668,107.43813333333331,110.03702,107.83265500000002,109.70525333333333,108.3601,107.46543666666666,108.34873166666667,109.62280499999999,108.36521,109.69994499999999,109.66833500000001,109.18522333333334,110.16325000000002,111.27694166666669,111.57039666666664,,,,,,,,,,,,,,,
84.81618333333334,83.82099666666669,83.74508,83.35355166666668,82.73020833333334,78.74743166666667,83.73374333333335,83.71664333333334,81.26725,86.79862333333334,80.05712166666667,85.55116666666667,86.09799666666669,84.668315,80.69011833333334,85.162215,85.72773166666667,86.99885666666668,87.11996166666664,88.33229166666666,88.46087166666666,84.72755166666666,87.84515833333334,87.54478333333334,87.55901999999999,88.73691833333332,88.89648166666669,90.62229833333335,86.754075,88.43247666666664,88.1509533333333,90.17536999999997,96.67098833333333,96.20099833333333,95.79857333333334,93.81903166666667,95.27027500000001,96.57412,95.59649166666668,93.67838,95.58550000000001,94.42517833333333,98.26127000000001,95.24823666666664,98.50023666666665,95.89717999999999,97.70038499999998,97.31774166666669,99.24181333333333,98.81357000000001,100.09661999999999,100.31175666666667,99.54974666666666,98.70499999999998,100.48785333333335,100.36650833333333,101.52942833333334,100.14885166666667,101.71772333333332,101.65522666666665,102.86940333333334,101.59821999999998,100.87139333333333,102.95374833333332,109.85067333333335,109.24128166666667,107.13051666666668,107.80452333333334,110.4225683333333,108.30765833333331,110.11208166666665,108.90913333333332,108.03396666666667,108.87516166666668,109.90503166666664,108.87345666666668,109.91015666666667,110.15523166666668,109.64104666666667,110.57348499999998,111.75197,112.04928999999998,113.73102166666669,,,,,,,,,,,,,,
81.727675,80.78585666666667,80.79028166666667,80.41035833333332,79.72322166666667,75.58949333333334,80.67900833333334,80.54199833333334,78.40537833333333,83.78998500000002,76.94610166666666,82.59656000000003,83.13296000000003,81.64607833333334,77.74268000000001,82.09762,82.74208166666668,83.92707333333333,84.15815666666666,85.39668166666668,85.41776333333333,81.68525166666666,84.83016333333335,84.52919999999999,84.57250666666667,85.83976333333332,85.96816000000003,87.70598666666667,83.811045,85.32859166666667,85.18439333333332,87.24999499999998,93.66944333333333,93.05541833333334,92.77422499999999,90.555635,92.36830666666668,93.68390500000001,92.57421500000001,90.61144166666668,92.59526666666667,91.40570833333334,95.17786666666666,91.97592666666667,95.44783999999999,92.75426166666665,94.67563166666666,94.24609166666667,96.20579000000001,95.73304666666667,97.04256,97.23921166666668,96.51747666666667,95.57694166666666,97.53276333333335,97.49484666666666,98.215945,97.20202333333334,98.73478666666668,98.629855,100.21790666666666,98.69797000000001,97.94556999999999,100.05878666666668,106.87419333333332,106.12831,104.04535499999999,104.54814166666667,107.28743333333334,105.00485999999998,106.97024499999999,105.96786333333334,105.142995,105.62235666666665,106.93692666666666,105.86177166666667,106.98206,107.12412,106.60153000000001,107.59758333333333,108.72961833333333,109.19056833333333,110.7486433333333,111.20283500000001,,,,,,,,,,,,,
83.24604833333332,82.33182833333333,82.14861333333333,81.73590833333331,81.21732833333334,77.14432333333332,82.10525,81.994195,79.80627666666668,85.25792333333335,78.38935333333332,84.08728333333333,84.63766166666666,83.21648166666665,79.07280333333334,83.73563,84.22883166666668,85.43234666666667,85.61538666666667,86.70909000000002,86.89875333333332,83.34872833333334,86.24374333333333,85.88618,86.140245,87.25305000000002,87.50310666666667,89.14998333333332,85.17212166666667,86.82293333333334,86.49953166666667,88.726505,95.15322166666667,94.52020000000002,94.20226166666667,92.22683166666667,93.72218999999998,95.06562333333332,94.02652,92.02934666666665,93.94014166666668,92.92103500000002,96.63701500000002,93.35977833333334,96.86864166666669,94.25778,96.26617666666668,96.05686333333333,97.747485,97.14215333333333,98.52741000000002,98.78648333333334,97.96494,96.98138666666665,98.92665,98.79617666666668,99.64338999999998,98.56338666666666,100.14901333333333,100.10451166666665,101.29406833333334,100.07406666666665,99.27568833333335,101.36428666666667,108.24930333333333,107.67490500000001,105.57739666666667,106.10279166666668,108.79596666666667,106.5788516666667,108.58420833333334,107.17911666666669,106.52717166666666,107.21291000000001,108.36068999999999,107.25624666666667,108.344555,108.47447333333332,108.10010666666668,108.98980333333333,110.13623499999999,110.53501833333335,112.09729333333334,112.62227999999998,109.692115,,,,,,,,,,,,
84.88935666666666,83.94882166666667,83.74205166666667,83.46806833333332,82.79389833333333,78.77512333333334,83.81029666666667,83.74859166666668,81.99857166666668,86.86203333333333,80.08330833333332,85.59163333333332,86.17291,84.78928666666668,80.70180333333333,85.21401499999997,85.73283000000002,86.94388500000001,87.130695,88.43309833333333,88.46599666666667,84.89201333333334,87.89722499999999,87.67663333333334,87.74847166666667,88.80158333333333,89.06351,90.78155,86.92337,88.42945166666665,88.28626166666665,90.25846833333333,96.75593666666666,96.13050333333335,95.91689333333335,93.85824833333334,95.31611999999998,96.79953499999999,95.67076333333333,93.65934000000001,95.62884,94.55507833333333,98.35326166666667,95.24180333333332,98.42234833333333,95.94923500000002,97.87631333333334,97.64477333333333,99.33671333333332,98.82352333333334,100.12934166666669,100.44585166666667,99.59033166666669,98.6148916666667,100.583295,100.50197166666665,101.28104833333332,100.19547499999999,101.85755499999999,101.75345333333334,103.01927666666666,101.750685,100.91103166666667,102.95476333333333,109.962585,110.50828666666666,107.18205666666667,107.89584333333333,110.45049333333334,108.34950166666667,110.08050333333335,108.91340500000001,108.076065,108.92618333333333,110.01930333333335,108.987625,110.01334666666669,110.13032166666666,109.64214,110.68567000000003,111.79883666666666,112.15628666666666,113.83503166666667,114.31051333333335,111.21112500000001,112.73364333333333,,,,,,,,,,,
82.08643333333332,81.25175333333331,81.13332333333334,80.79573,80.171,76.08458333333333,81.09442333333335,81.10797833333334,78.44470333333332,84.19271333333333,77.56085499999999,82.95971500000002,83.58361166666667,82.03123500000001,78.00843499999999,82.568555,83.12113833333333,84.296865,84.50083333333333,85.63240499999999,85.72635000000001,82.02342,85.11068999999999,84.84825666666666,84.98417333333332,86.20835833333332,86.36479833333334,88.02941166666663,84.18226000000001,85.99152666666664,85.39542,87.64342333333335,93.99660333333333,93.40847833333332,93.17590666666666,90.93746833333333,92.59966833333333,94.01484166666668,92.99752333333333,90.78706166666667,92.854735,91.67090833333332,95.64816833333333,92.29071666666664,95.91500166666665,92.96165166666667,95.41743833333331,94.672525,96.71971666666667,96.10203333333334,97.38740333333334,97.64175833333333,96.90026999999999,95.98833666666667,97.81719333333332,97.74254833333332,98.61146166666668,97.55911333333333,99.03888,99.36073999999999,100.43666166666667,99.066855,98.23449833333333,100.34695166666667,107.11285333333335,106.431645,104.39047,104.99200833333335,107.66769833333332,105.40005166666666,107.40990166666667,106.11725166666668,105.27286666666669,106.06104166666665,107.30377666666666,106.09679999999999,107.32322666666667,107.46545499999999,106.82818,107.84495833333334,109.11422833333333,109.43567166666668,110.98485500000002,111.48208833333335,108.56908000000001,109.91866833333333,111.50229333333334,,,,,,,,,,
83.53972,82.43381499999997,82.30654000000001,81.97321166666667,81.373245,77.30765666666666,82.39397333333335,82.257225,79.24435166666666,85.46897500000001,78.95447166666665,84.23127333333335,84.77947833333334,83.424205,79.24918166666667,83.88997166666667,84.44757666666668,85.52470166666667,85.77329,86.96362666666666,87.07859833333333,83.56917,86.45117166666665,86.12610666666667,86.25398166666666,87.43617833333334,87.710665,89.27792333333335,85.31541166666666,87.048575,86.68411166666668,88.85978333333334,95.31194833333333,94.66454166666666,94.30452666666666,92.39596500000002,93.81445666666667,95.22097666666666,94.19689166666666,92.13829166666665,94.09202666666665,93.004475,96.89910666666667,93.700235,97.07466166666667,94.37790833333334,96.313805,95.86703333333334,97.70904666666667,97.26107333333334,98.65445333333332,98.93843833333335,98.03109666666667,97.16322333333332,99.21120333333333,98.76316,99.86815833333333,98.71311166666666,100.23549333333332,100.19974333333334,101.47432166666665,100.16657833333332,99.37988,101.52333666666665,108.40078666666668,107.85940333333333,105.60489166666667,106.30102000000001,108.92372499999999,106.81115666666663,108.66211499999999,107.28889333333333,106.55427333333334,107.26836999999999,108.42767166666668,107.45963333333334,108.46872166666667,108.56896333333333,108.23984000000002,109.07225,110.09593666666665,110.56347666666666,112.13160999999998,112.66927666666665,109.73415333333332,111.10664666666666,112.72093000000001,109.97130333333334,,,,,,,,,
85.59540499999999,84.69212833333333,84.51875833333332,84.17091499999998,83.60283500000001,79.44721166666666,84.58803666666667,84.71128666666668,81.60748666666666,87.52582,80.71775500000003,86.37334666666668,86.94243999999999,85.50502499999999,81.41956333333334,85.95132166666666,86.51229833333333,87.71394,87.90918166666667,89.07095999999999,89.21968,85.513265,88.734525,88.25660833333333,88.39442833333335,89.55583,89.774755,91.31198166666667,87.46751,89.14202833333331,88.94046499999999,90.98086833333336,97.40774,96.79990000000001,96.47259499999998,94.18166500000001,95.94007166666667,97.36935999999999,96.29959166666666,94.15545166666666,96.30766333333332,94.97277666666666,98.95789500000001,95.67381166666668,99.181605,96.29368333333336,98.42749333333332,97.90764833333333,99.810265,99.41495833333333,100.78055166666667,100.96874333333335,100.09837666666668,99.24095166666666,101.17695,100.92817666666667,101.95711,100.75349166666666,102.28825666666665,102.30518500000001,103.98014666666668,102.21714666666668,101.44237333333335,103.64990833333334,110.38981833333331,109.70525333333333,107.52267666666665,108.31906499999998,110.91435333333335,108.815015,110.59249333333334,109.37389333333333,108.45067833333336,109.29912666666668,110.54029333333332,109.25425499999997,110.44487000000001,110.62361,109.95414500000001,111.08218666666666,112.17356333333332,112.57916999999999,114.19132833333332,114.62363166666665,111.55251166666666,112.97098000000001,114.84745833333335,111.92563333333334,113.10896833333335,,,,,,,,
83.89354833333333,82.98180166666668,82.81736500000001,82.46101,81.82176833333335,77.59875666666667,82.87872166666666,82.57654833333333,80.51752499999999,85.96531166666665,79.05226333333331,84.71884666666665,85.16385666666667,83.95624000000001,79.63224333333334,84.37934,84.92202166666667,86.07142499999999,86.28722166666667,87.48255166666667,87.60565999999999,84.16972166666665,86.92813500000001,86.66050833333334,86.67588,87.92711000000001,87.99654833333334,89.76600333333336,85.74099833333334,87.53868166666668,87.20516666666667,89.318165,95.72505166666666,95.13142833333333,94.62265,92.44817833333332,94.231195,95.69982166666667,94.65851166666667,92.44642000000002,94.65264833333333,93.14152833333334,97.14773499999998,93.88102333333332,97.40730333333336,94.49551166666667,96.79695499999998,96.15450499999999,97.90926666666667,97.50516833333334,99.14716,99.40076166666665,98.29540500000002,97.50361000000001,99.50591500000002,99.03546333333333,100.50597333333332,98.95750166666669,100.74367666666666,100.55524333333334,101.94675500000001,100.43908500000002,99.64170833333334,101.90843666666666,108.705435,108.07998,105.83357666666667,106.73739833333332,109.46506166666668,107.16751000000001,108.96325166666666,107.66138000000001,106.768225,107.60666666666664,108.77452333333333,107.51824833333333,108.94926,108.86343833333333,108.39936333333334,109.42538833333337,110.41065833333334,110.96958999999998,112.56425166666665,112.94462166666666,110.05592166666665,111.50192333333338,113.00592999999998,110.28022166666669,111.24607999999998,113.38962333333335,,,,,,,
84.75479833333334,84.06254666666665,83.76038000000001,83.44094666666666,82.77662166666667,78.71081833333334,83.82244333333334,83.65153,81.98592666666666,86.91044166666667,79.97093666666666,85.69293333333334,86.03709666666667,84.70291333333333,80.55467499999999,85.14643333333333,85.64134666666669,86.96959166666666,87.12964166666664,88.26815833333333,88.45871666666667,84.72087166666665,87.71853166666665,87.59652833333332,87.58764666666669,88.76428499999999,88.95570833333333,90.64333833333335,86.78544000000002,88.35072833333334,88.10806333333333,90.16216666666666,96.63061666666664,96.30684833333333,95.57380333333333,93.2995,95.16642166666666,96.58972999999997,95.55012833333333,93.39306666666667,95.655745,93.99980500000001,98.098125,94.82138333333334,98.39046,95.43005000000002,97.72340166666665,97.13862666666664,98.94999333333332,98.50209833333332,99.99665666666667,100.17280166666666,99.25621166666669,98.47059833333334,100.45571166666666,100.05828833333335,101.18237499999998,99.95542166666668,101.48696833333334,101.47365,102.86354333333331,101.36042666666667,100.90350666666667,102.84416666666667,109.81864666666668,109.10611500000002,106.81055666666666,107.65885333333333,110.22165666666668,108.08747833333334,109.86824833333333,108.58791166666667,107.59759,108.64046833333333,109.73515666666667,108.48868499999999,109.84149999999997,109.89165166666666,109.13671833333332,110.27528666666667,111.28748,111.76383,113.44396833333332,113.91085999999999,110.81225833333335,112.22112166666663,113.97259333333338,111.14084333333332,112.35289500000002,114.38298833333334,112.51843833333335,,,,,,
85.54266666666666,84.54050833333334,84.34848166666666,84.08585499999998,83.43074999999999,79.23398833333334,84.457625,84.27663166666667,81.68552833333331,87.47686333333333,80.45141500000001,86.31999,86.670085,85.310095,81.20118666666667,85.80816166666666,86.33373666666667,87.48345499999999,87.73719333333334,88.91834833333331,89.04328666666666,85.29576999999998,88.47367333333334,88.16071333333333,88.13989,89.35900333333333,89.49836833333333,91.26241,87.37534666666666,88.96647166666666,88.76350666666667,90.80509166666667,97.28788,96.62691833333334,96.28705166666666,93.89555500000002,95.76773333333333,97.25208333333335,96.20070000000003,93.83641499999999,96.299835,94.656065,98.72199666666666,95.42302333333332,99.04074999999999,96.07848833333334,98.40316666666666,97.54518666666667,99.48533166666667,99.05483166666666,100.69893000000002,100.78065166666667,99.88506166666664,98.98769666666666,101.05659666666666,100.54763333333334,101.74289500000002,100.43921999999999,102.03230333333332,102.00982666666668,103.48233666666664,101.94035999999998,101.10602666666666,103.47817,110.20081666666665,109.63661833333335,107.37917833333333,108.21285499999999,110.80115833333335,108.76074333333334,110.5064,109.14314166666666,108.31685833333334,109.17753333333333,110.39659833333332,109.04714833333333,110.35285499999998,110.41035500000001,109.82375166666665,110.84683333333334,111.97126166666666,112.4313233333333,113.95752,114.38345499999998,111.41481500000002,112.78778666666665,114.53452333333333,111.79062500000002,112.84518833333328,114.90136000000001,113.08519833333337,114.00782333333332,,,,,
83.67438666666668,82.74255166666667,82.59266666666666,82.26912833333331,81.68283000000001,77.56128166666667,82.73731833333332,82.61121500000002,80.36945666666666,85.82278500000001,78.88759666666667,84.56235333333335,85.16196166666666,83.72346499999999,79.64128000000001,84.15375833333333,84.65804166666666,85.87397000000001,85.99878833333335,87.20723000000002,87.42875833333333,83.71209333333333,86.68163666666666,86.42857166666667,86.56868333333333,87.66145499999999,87.84910666666669,89.56285166666667,85.68984833333333,87.28693500000001,87.07632,89.10099333333334,95.60386666666666,95.02486499999999,94.71104666666665,92.53332833333334,94.18283833333332,95.56677499999999,94.60306166666666,92.31935166666666,94.51099833333332,93.21667166666667,97.10481166666666,93.82481333333334,97.33006833333334,94.57032666666667,96.70009166666667,96.19012833333333,98.26553,97.623175,98.97331833333334,99.267045,98.39478333333334,97.76484333333333,99.4084,99.29921833333334,100.13842166666667,99.11546666666666,100.65328000000001,100.52366833333335,101.76442999999999,100.51525500000001,99.67610166666665,101.91045,108.58831166666667,108.00082833333335,105.93938666666665,106.55315833333334,109.18259833333333,107.05588166666668,108.83332666666666,107.60289833333333,106.75625500000001,107.58108333333335,108.80332833333333,107.65263333333334,108.88229166666666,108.900505,108.384045,109.32358166666667,110.51322166666668,110.87293833333332,112.59968833333335,113.02542833333332,109.88458833333335,111.4553983333333,113.01271999999997,110.29314499999998,111.55101666666664,113.43022833333333,111.72547666666664,112.58569499999997,113.239805,,,,
85.18930333333334,84.23290666666666,84.19099333333334,83.69834333333334,83.172555,79.07436999999999,84.13594333333334,84.03177333333335,81.53993666666665,87.19335166666667,80.37004666666667,86.054495,86.55671000000001,85.09589333333334,80.99023833333335,85.57402833333333,86.102245,87.3818,87.52463666666664,88.78730499999999,88.900865,85.13246500000001,88.17962833333333,87.88018333333333,88.01950333333332,89.21434333333332,89.5794,91.032075,87.21527666666667,88.80577666666667,88.572315,90.67098333333331,97.07895666666666,96.51687833333335,96.27833666666668,94.17537833333334,95.72458999999999,97.01095666666667,96.03248666666667,93.99653166666667,96.07507666666667,94.80787000000001,98.67267333333334,95.80708000000001,98.88644166666667,96.21595666666668,98.20399,97.69034666666666,99.66564166666667,99.16517500000002,100.42487000000001,100.71696,99.91585666666666,99.07524333333336,100.87046166666667,100.9238,101.68628833333334,100.53779,102.21183,102.13827666666667,103.32710500000002,102.12600500000003,101.17798833333333,103.42673166666667,110.21815500000002,109.50221666666667,107.46944500000001,108.08001666666668,110.69946166666666,108.58437333333333,110.39835333333333,109.28144,108.404245,109.09970833333334,110.23637833333333,109.21486,110.23155333333334,110.47238333333334,110.02235833333334,110.8159216666667,112.06765333333331,112.34693500000002,114.15515333333335,114.59223833333334,111.51301,113.04575666666669,114.67702166666665,111.80888333333336,113.10754833333333,114.99394500000002,113.32799500000002,114.14167166666668,114.64908166666666,113.34848166666667,,,
87.49736333333334,86.53914999999999,86.35608666666666,85.90952166666665,85.37656333333334,81.38654333333335,86.329635,86.22998333333334,83.95492833333334,89.39062333333332,82.76228333333333,88.253055,88.81671666666666,87.32477333333335,83.29041500000001,88.04408,88.38333833333334,89.577285,89.70036166666668,90.88046833333334,91.08020333333334,87.44310666666668,90.45488,90.08600666666665,90.24023166666666,91.44002333333333,91.69220166666666,93.30410166666667,89.40672000000002,90.99231166666668,90.94128333333333,93.14961833333334,99.35519000000001,98.738435,98.560215,96.44893833333334,97.94715333333333,99.30590166666666,98.27184666666666,96.32944833333333,98.15201333333334,97.10785166666669,100.91133333333333,97.798045,101.09275500000001,98.49597333333332,100.44560166666666,100.21938333333334,101.95542500000002,101.44259333333335,102.64186833333333,102.96168666666667,102.15836,101.25477333333332,103.05105833333333,103.06205333333332,103.88545,102.85811333333334,104.42267666666667,104.30725666666665,105.54491666666668,104.40368833333332,103.47547833333336,105.70710500000001,112.59239499999998,111.85102333333333,109.71075500000002,110.35125833333332,113.04302999999994,110.86114500000001,112.77630000000002,111.48232166666666,110.66558500000002,111.40748333333332,112.60101666666664,111.54537833333336,112.66908833333332,112.826795,112.322665,113.30044666666666,114.29683333333334,114.71150499999999,116.44525166666669,116.90916333333332,113.85651333333333,115.24634000000006,116.95747500000003,114.15462166666667,115.29499666666663,117.33618499999999,115.60437999999999,116.53401166666663,117.11624333333336,115.66780833333333,117.2937966666667,,
5.718143333333333,55.62451166666667,55.37578999999999,55.13086833333333,54.44954333333333,49.691966666666666,55.127325000000006,55.028691666666674,51.1789,58.54305166666668,52.259091666666656,57.236691666666665,57.249148333333345,56.08102666666668,51.57920666666667,56.51505666666665,57.36197666666667,58.630915,58.82128333333334,60.01641499999999,60.220816666666664,56.431323333333324,59.49347333333335,59.3028,59.24205833333333,60.52820333333333,60.55759166666668,62.38356833333335,57.837111666666665,59.74147333333332,59.45522166666667,61.548415,68.31701833333332,67.60968666666666,67.30354333333331,64.19306666666667,66.79255333333336,68.26783999999998,67.20823500000002,64.12486166666667,67.19943333333335,64.81198833333333,69.70697833333332,65.65977833333335,69.93115666666667,66.09491,69.232085,68.72712333333332,70.44724166666667,70.20734833333334,71.70280499999998,71.831585,71.12700666666665,70.15430666666666,72.1538116666667,71.58148833333334,72.850615,71.60379666666667,72.96126833333334,73.11168666666666,74.53767666666668,72.98423333333332,72.286705,74.40301666666666,80.70964,80.15468333333334,77.55211666666669,78.83620833333335,81.50863000000001,79.19532166666666,81.02908833333333,79.71656833333333,78.477225,79.92556333333333,81.29067333333334,79.40311333333332,81.11329000000002,81.16187999999998,80.10026666666668,81.35552333333334,82.53116999999999,82.86159166666667,84.71327166666664,84.98393,81.83225166666666,83.34548166666667,84.880675,82.25734333333332,83.81084833333331,85.64296499999999,83.93568999999998,84.85553166666665,85.42831000000002,83.79499166666668,85.27679000000002,87.45899666666665,
