,,,,,,,,,,,,,,,,,,,,,,,,,,,,,,,,,,,,,,,,,,,,,,,,,,,,,,,,,,,,,,,,,,,,,,,,,,,,,,,,,,,,,,,
54.30811500000001,,,,,,,,,,,,,,,,,,,,,,,,,,,,,,,,,,,,,,,,,,,,,,,,,,,,,,,,,,,,,,,,,,,,,,,,,,,,,,,,,,,,,,,
58.471109999999996,53.17701166666666,,,,,,,,,,,,,,,,,,,,,,,,,,,,,,,,,,,,,,,,,,,,,,,,,,,,,,,,,,,,,,,,,,,,,,,,,,,,,,,,,,,,,,
62.624116666666666,57.418231666666664,55.72717999999998,,,,,,,,,,,,,,,,,,,,,,,,,,,,,,,,,,,,,,,,,,,,,,,,,,,,,,,,,,,,,,,,,,,,,,,,,,,,,,,,,,,,,
67.81382000000002,62.58138833333333,60.93788833333333,61.17425499999999,,,,,,,,,,,,,,,,,,,,,,,,,,,,,,,,,,,,,,,,,,,,,,,,,,,,,,,,,,,,,,,,,,,,,,,,,,,,,,,,,,,,
73.06642,67.873555,66.19408166666669,66.41543833333331,66.78927166666664,,,,,,,,,,,,,,,,,,,,,,,,,,,,,,,,,,,,,,,,,,,,,,,,,,,,,,,,,,,,,,,,,,,,,,,,,,,,,,,,,,,
54.62082833333333,53.771143333333335,58.05041666666666,61.599505000000015,66.40134333333336,70.96114666666668,,,,,,,,,,,,,,,,,,,,,,,,,,,,,,,,,,,,,,,,,,,,,,,,,,,,,,,,,,,,,,,,,,,,,,,,,,,,,,,,,,
55.82673666666667,55.54525500000001,57.925753333333326,61.54291333333333,66.23454833333331,70.73319499999997,50.313290000000016,,,,,,,,,,,,,,,,,,,,,,,,,,,,,,,,,,,,,,,,,,,,,,,,,,,,,,,,,,,,,,,,,,,,,,,,,,,,,,,,,
55.45673999999999,49.319345000000006,53.26320166666665,56.733209999999985,61.538521666666654,66.02405833333331,49.90990833333333,49.95009666666665,,,,,,,,,,,,,,,,,,,,,,,,,,,,,,,,,,,,,,,,,,,,,,,,,,,,,,,,,,,,,,,,,,,,,,,,,,,,,,,,
54.14388499999999,50.20027666666665,53.38929166666666,56.93199833333333,61.539944999999996,66.21094333333332,49.912816666666664,49.902379999999994,44.668879999999994,,,,,,,,,,,,,,,,,,,,,,,,,,,,,,,,,,,,,,,,,,,,,,,,,,,,,,,,,,,,,,,,,,,,,,,,,,,,,,,
58.25277333333333,55.05132666666667,53.52278499999998,57.728268333333325,62.010253333333345,66.60217999999999,53.58117000000001,53.55253499999999,49.556028333333316,49.518641666666674,,,,,,,,,,,,,,,,,,,,,,,,,,,,,,,,,,,,,,,,,,,,,,,,,,,,,,,,,,,,,,,,,,,,,,,,,,,,,,
58.29274333333332,53.41928666666667,53.488906666666644,57.60449333333334,62.34863333333333,66.5934916666667,53.54807166666666,53.52786166666666,49.486646666666665,49.499374999999986,49.531549999999996,,,,,,,,,,,,,,,,,,,,,,,,,,,,,,,,,,,,,,,,,,,,,,,,,,,,,,,,,,,,,,,,,,,,,,,,,,,,,
62.169861666666655,56.544148333333325,56.19085666666666,56.571245000000005,61.58934833333334,66.21955666666669,55.40285333333331,55.41595333333332,51.34622833333335,51.376135000000005,52.56387,52.56441333333334,,,,,,,,,,,,,,,,,,,,,,,,,,,,,,,,,,,,,,,,,,,,,,,,,,,,,,,,,,,,,,,,,,,,,,,,,,,,
61.98000999999999,55.945176666666654,56.46328000000001,56.55942833333332,61.83462333333334,66.46602333333334,55.473504999999996,55.48147666666668,51.472325000000005,51.459561666666666,52.67768333333334,52.67234166666666,51.531163333333325,,,,,,,,,,,,,,,,,,,,,,,,,,,,,,,,,,,,,,,,,,,,,,,,,,,,,,,,,,,,,,,,,,,,,,,,,,,
65.60656000000002,61.184761666666645,60.419363333333315,60.76674833333333,61.29575666666665,66.8221,58.53208500000001,58.49540666666667,54.502224999999996,54.46744333333333,55.66613166666666,55.63632166666666,55.99244333333335,55.870230000000014,,,,,,,,,,,,,,,,,,,,,,,,,,,,,,,,,,,,,,,,,,,,,,,,,,,,,,,,,,,,,,,,,,,,,,,,,,
65.55454166666665,59.38719833333334,59.91216,61.1626283333333,61.44043333333334,66.278205,58.333976666666665,58.33280666666667,54.294918333333335,54.307893333333325,55.537118333333325,55.58733833333332,55.72582499999999,55.723214999999996,55.22182666666667,,,,,,,,,,,,,,,,,,,,,,,,,,,,,,,,,,,,,,,,,,,,,,,,,,,,,,,,,,,,,,,,,,,,,,,,,
68.09527333333332,63.590855,62.36935666666667,63.15161833333333,64.00712333333331,64.45571499999997,60.185445,60.16219666666667,56.15866166666668,56.14672499999998,57.384931666666645,57.3666083333333,57.56718000000001,57.56802833333335,58.317090000000015,58.07888833333335,,,,,,,,,,,,,,,,,,,,,,,,,,,,,,,,,,,,,,,,,,,,,,,,,,,,,,,,,,,,,,,,,,,,,,,,
68.08558833333333,61.650966666666655,62.32456833333336,63.34137666666668,64.03606833333333,64.73329666666666,60.14431833333333,60.14307833333332,56.16213333333331,56.132785000000005,57.350956666666654,57.34464000000001,57.53878499999999,57.52856333333332,58.31686666666667,58.065913333333334,56.35677666666666,,,,,,,,,,,,,,,,,,,,,,,,,,,,,,,,,,,,,,,,,,,,,,,,,,,,,,,,,,,,,,,,,,,,,,,
72.36379333333332,67.85549499999999,66.79205833333333,67.5761,68.40688999999999,69.56545500000001,63.83959666666666,63.83397833333333,59.830774999999996,59.802155000000006,61.048031666666674,61.002166666666675,61.20378833333332,61.24467666666666,61.938418333333345,61.78938666666669,61.26142,61.202838333333325,,,,,,,,,,,,,,,,,,,,,,,,,,,,,,,,,,,,,,,,,,,,,,,,,,,,,,,,,,,,,,,,,,,,,,
72.21286,66.10976,66.58696500000002,67.35249,68.426295,69.45667999999999,63.735445,63.69946166666667,59.822594999999986,59.68702166666667,60.90385333333333,60.85920999999998,61.086465000000004,61.10551666666665,61.811971666666665,61.61300166666667,61.13107499999998,61.146291666666656,61.14664166666667,,,,,,,,,,,,,,,,,,,,,,,,,,,,,,,,,,,,,,,,,,,,,,,,,,,,,,,,,,,,,,,,,,,,,
57.05368833333335,56.75597833333333,59.29800666666666,62.84594333333333,67.52113833333333,72.01112333333332,53.29310833333334,53.31933500000002,53.043025,53.03800833333333,56.69446166666666,56.53563500000001,58.44921333333334,58.47251833333334,61.718675000000005,61.61828499999999,63.24909166666666,63.20696833333333,66.88995833333334,66.72228333333332,,,,,,,,,,,,,,,,,,,,,,,,,,,,,,,,,,,,,,,,,,,,,,,,,,,,,,,,,,,,,,,,,,,,
56.93589166666665,55.046158333333345,59.18969166666667,62.66147833333335,67.37286833333334,71.95558,53.28412666666666,53.20202,52.93386833333332,52.97186333333334,56.56448833333333,56.55538000000001,58.29314499999999,58.220518333333324,61.39923666666667,61.48150999999999,63.14330833333331,63.092329999999976,66.85094,66.72437166666667,50.19136,,,,,,,,,,,,,,,,,,,,,,,,,,,,,,,,,,,,,,,,,,,,,,,,,,,,,,,,,,,,,,,,,,,
56.71729499999998,50.15742500000001,54.72686,58.23188833333334,63.038028333333315,67.53482833333332,52.985734999999984,52.98905833333333,47.899015000000006,47.77346999999999,52.594481666666674,52.56845833333336,54.464490000000026,54.57695333333333,57.84709833333334,57.45235333333334,59.30602666666666,59.36914000000001,63.078820000000015,62.89960833333335,50.044285,49.99439666666666,,,,,,,,,,,,,,,,,,,,,,,,,,,,,,,,,,,,,,,,,,,,,,,,,,,,,,,,,,,,,,,,,,
55.86308000000002,50.13836833333333,54.76380833333334,58.46016833333335,63.12574000000001,67.67011833333332,53.19637499999999,53.07888333333334,47.96249666666666,47.83893333333334,52.79550999999999,52.772444999999976,54.60111666666666,54.58890166666665,57.85360666666667,57.64961666666665,59.27743666666667,59.39820333333334,63.062496666666675,62.928095000000006,50.08275000000001,50.05328166666668,44.959933333333346,,,,,,,,,,,,,,,,,,,,,,,,,,,,,,,,,,,,,,,,,,,,,,,,,,,,,,,,,,,,,,,,,
60.791128333333326,56.61129500000003,54.834803333333326,59.01311500000002,63.858991666666675,68.52183500000001,56.947203333333306,56.963651666666664,52.990060000000014,53.00750666666667,52.783438333333336,52.85455000000002,55.893341666666664,55.84821666666665,59.245336666666674,59.17361500000001,60.66672500000001,60.83839333333334,64.43501666666667,64.35941,53.91345833333333,53.875046666666655,50.014804999999974,50.067125,,,,,,,,,,,,,,,,,,,,,,,,,,,,,,,,,,,,,,,,,,,,,,,,,,,,,,,,,,,,,,,,
61.15097166666666,55.00872,54.78946500000001,59.14388833333332,63.765698333333326,68.48836999999997,56.838346666666666,56.81464000000001,52.884423333333345,52.801618333333344,52.83858999999999,52.810714999999995,55.80348333333334,55.834108333333326,58.935134999999995,58.84347333333333,60.63518999999999,60.77663333333335,64.49828833333335,64.31837833333334,53.90556999999999,53.82385833333334,49.99402333333333,49.99016000000003,50.29243999999999,,,,,,,,,,,,,,,,,,,,,,,,,,,,,,,,,,,,,,,,,,,,,,,,,,,,,,,,,,,,,,,
60.87222666666666,57.55662000000002,56.320364999999995,56.69243666666668,62.02067333333335,66.61601833333334,57.206996666666676,57.306741666666674,53.16472666666667,53.32077999999999,54.642591666666654,54.480329999999974,53.34958333333334,53.50423666666666,57.703749999999985,57.49930833333332,59.33347333333334,59.36123166666667,63.14253999999998,63.05439999999999,54.14163166666666,54.11943,50.25769999999998,50.27744666666666,51.76777833333334,51.737759999999994,,,,,,,,,,,,,,,,,,,,,,,,,,,,,,,,,,,,,,,,,,,,,,,,,,,,,,,,,,,,,,
62.157725000000006,55.91315666666665,56.505986666666665,56.56811500000001,61.914455000000004,66.61767,57.23879666666667,57.353378333333346,53.28811833333332,53.22107333333334,54.43545166666666,54.38060333333334,53.32304833333333,53.33001999999999,57.67501166666666,57.957615000000004,59.36529333333335,59.58071000000001,63.15270999999999,63.032936666666686,54.147998333333334,54.09538499999999,50.27232166666666,50.290728333333334,51.76791333333334,51.714808333333316,49.17492833333334,,,,,,,,,,,,,,,,,,,,,,,,,,,,,,,,,,,,,,,,,,,,,,,,,,,,,,,,,,,,,
65.08499833333335,58.96428000000001,59.49416666666668,60.35316166666665,60.599091666666666,65.75824833333333,59.561661666666645,59.54374499999998,55.59893666666668,55.519296666666655,56.741165000000024,56.79743166666667,56.94652833333333,56.77678499999998,56.808930000000004,56.24249333333332,59.55121333333332,59.50512500000001,62.96297666666667,63.02589000000001,56.56598333333335,56.54199333333334,52.73268833333333,52.72944833333335,54.24005333333333,54.14718000000001,52.79116333333333,52.77195666666666,,,,,,,,,,,,,,,,,,,,,,,,,,,,,,,,,,,,,,,,,,,,,,,,,,,,,,,,,,,,
63.921178333333316,60.599553333333354,59.29752000000004,60.321553333333334,60.348488333333336,65.831935,59.70493000000001,59.52030833333333,55.498528333333304,55.51076333333332,56.71827166666669,56.92282333333334,56.75673666666665,56.73022999999998,56.77964,56.11786833333333,59.47052833333331,59.16112499999999,63.17239499999999,62.856165000000004,56.576960000000014,56.511320000000005,52.71158166666667,52.69363666666668,54.24057666666665,54.14471666666666,52.781205,52.74051833333333,51.555581666666676,,,,,,,,,,,,,,,,,,,,,,,,,,,,,,,,,,,,,,,,,,,,,,,,,,,,,,,,,,,
68.69102333333332,64.20236499999999,63.07778833333334,64.226545,65.21807833333334,65.13291333333332,62.67570333333333,62.50431833333334,58.97684166666666,58.93836333333335,60.12762666666666,60.207911666666675,59.996653333333356,59.88933499999999,60.69707499999999,60.47743000000002,58.96450166666667,58.814310000000006,63.71708666666667,63.58923666666666,59.62168833333332,59.57019500000002,55.695756666666675,55.76193666666667,57.233943333333336,57.207829999999994,55.86438,55.85669666666667,55.885699999999986,55.92713666666668,,,,,,,,,,,,,,,,,,,,,,,,,,,,,,,,,,,,,,,,,,,,,,,,,,,,,,,,,,
68.57555499999998,64.05829833333333,63.40567666666666,64.166815,65.15592333333332,65.51143166666667,62.95688333333335,62.377125,58.928328333333326,58.87599000000002,59.54958500000001,59.56188333333333,59.74169333333332,60.344686666666654,60.49668833333333,61.03846833333333,58.665798333333335,58.60938166666667,63.93305666666666,63.41423833333335,59.44731833333333,59.408821666666675,55.562623333333335,55.632821666666665,57.06981666666667,57.046958333333336,55.66892,55.70955999999998,55.659988333333324,55.660659999999986,55.10210833333332,,,,,,,,,,,,,,,,,,,,,,,,,,,,,,,,,,,,,,,,,,,,,,,,,,,,,,,,,
69.9444,64.83779499999999,65.32494166666666,66.34408333333332,66.99283666666666,68.36853833333335,64.373965,64.53596499999999,60.31154666666668,60.324940000000026,61.37345833333332,61.35022166666667,61.75810833333333,61.76800833333332,62.476658333333326,62.141891666666645,61.74403666666664,61.72071666666667,61.922191666666684,61.66381500000001,61.33457999999999,61.33253333333334,57.48339666666666,57.53499499999998,58.98721666666668,58.97608999999998,57.54236333333333,57.54873333333333,57.56364999999999,57.568048333333344,58.23502666666665,58.08134666666666,,,,,,,,,,,,,,,,,,,,,,,,,,,,,,,,,,,,,,,,,,,,,,,,,,,,,,,,
69.80583833333333,66.60764166666665,65.38104166666666,66.15433166666666,67.00792499999999,68.21190333333334,64.34307166666667,64.36008166666666,60.320874999999994,60.49933666666665,61.72272833333335,61.70098166666669,61.91040333333334,61.59258333333334,62.402608333333326,62.236580000000004,61.926380000000016,61.934793333333324,61.77214166666666,61.798381666666685,61.34507666666664,61.30547333333333,57.489158333333336,57.518539999999994,58.98850166666666,58.967364999999994,57.57873166666667,57.581373333333325,57.571921666666675,57.59562666666666,58.25471333333332,58.07606000000001,56.381269999999994,,,,,,,,,,,,,,,,,,,,,,,,,,,,,,,,,,,,,,,,,,,,,,,,,,,,,,,
54.38767500000001,53.78426166666667,57.755746666666646,61.56865333333334,66.09080666666667,70.80153499999999,52.10878999999999,52.11412999999998,51.90888166666666,51.738274999999994,55.14427999999999,55.2599,57.31570833333335,57.13255000000001,60.45284000000001,60.31108666666666,61.97112,61.96224500000002,65.63356333333334,65.483395,51.06366833333334,50.82997833333332,50.629039999999996,50.64422333333332,54.69183666666669,54.46873499999999,54.75976666666668,54.72090500000001,57.145005,57.31983333333332,60.245673333333336,59.926395,62.01159833333334,62.17917166666666,,,,,,,,,,,,,,,,,,,,,,,,,,,,,,,,,,,,,,,,,,,,,,,,,,,,,,
55.688201666666686,53.62986333333333,57.74321833333334,61.59719333333336,65.98329333333335,70.83773999999998,52.25011333333333,52.26920499999999,51.57068499999999,51.54279833333333,55.297711666666665,55.31283166666667,56.957438333333336,57.04675166666668,60.30433499999998,60.10319166666668,61.97476333333334,61.95752333333334,65.60447166666667,65.49043666666667,50.860870000000006,51.054829999999995,50.574908333333354,50.65672833333332,54.62847166666668,54.59904333333332,54.899249999999995,55.016683333333326,57.108886666666635,57.21343166666667,60.224730000000015,60.40918333333334,61.96656666666668,61.812763333333315,45.48034833333331,,,,,,,,,,,,,,,,,,,,,,,,,,,,,,,,,,,,,,,,,,,,,,,,,,,,,
55.433876666666656,50.20868166666666,53.17591500000001,56.96221,61.529341666666646,65.99987333333335,51.68153333333334,51.71381666666666,46.30739333333335,46.49469833333333,51.485873333333345,51.277253333333334,52.91366333333333,53.00795833333333,56.58791833333334,56.065111666666674,58.09664499999999,57.74246833333334,61.55294833333333,61.643864999999984,50.48321500000001,50.58009,45.482298333333326,45.46888333333334,50.56662,50.40236333333332,50.900619999999996,50.70862,53.095886666666665,52.941405,56.56353833333332,56.122960000000006,57.94124833333334,58.09509833333335,45.089880000000015,45.099106666666685,,,,,,,,,,,,,,,,,,,,,,,,,,,,,,,,,,,,,,,,,,,,,,,,,,,,
53.935581666666664,48.401235,53.344211666666666,56.99165000000002,61.35256166666669,66.17313333333331,51.56923999999999,51.66020999999997,46.58509166666667,46.49577833333332,51.31358333333334,51.475935,53.09900166666665,53.10462833333333,56.57104,56.36464333333332,57.75695833333332,58.00696666666668,61.702574999999996,61.62063999999999,50.58513333333334,50.445724999999996,45.490089999999974,45.456635000000006,50.56564333333334,50.36468499999999,51.13585666666666,51.146693333333324,53.10409999999999,52.984021666666656,56.292245,56.348618333333334,57.731674999999996,57.80862666666664,45.08687500000001,45.13264500000001,39.83530333333333,,,,,,,,,,,,,,,,,,,,,,,,,,,,,,,,,,,,,,,,,,,,,,,,,,,
59.69532833333331,55.15022166666667,53.53271333333331,57.731126666666675,62.18278499999998,66.76974833333333,55.15000499999999,55.318506666666664,51.300488333333334,51.17465499999999,51.13843833333332,51.30222333333333,54.333945,54.19322999999998,57.651503333333324,57.51043500000001,59.17701666666667,59.16330999999998,62.79520666666666,62.66415166666667,54.255615000000006,54.24828666666667,50.36072333333334,50.39478500000002,50.63896,50.614443333333334,51.89042666666668,52.183175000000006,54.15482833333332,54.43839833333334,57.62318666666665,57.71987833333334,59.135788333333316,59.22279499999999,48.712071666666674,48.72380166666669,44.673251666666665,44.676996666666675,,,,,,,,,,,,,,,,,,,,,,,,,,,,,,,,,,,,,,,,,,,,,,,,,,
59.650605000000006,55.03451166666667,53.16105666666665,57.552701666666664,62.26298666666669,66.82354499999998,55.37180500000001,55.30938500000001,51.30362166666666,51.477664999999995,51.41144,51.482416666666666,54.12436999999998,54.11110499999998,57.339138333333345,57.23574333333334,59.14816666666667,59.170629999999996,62.94460999999999,62.799371666666666,54.13224166666665,54.057599999999994,50.37805499999998,50.34700166666667,50.56738000000001,50.529610000000005,52.341228333333326,51.89891833333333,54.327678333333324,54.43170833333331,57.41649499999998,57.715098333333344,59.32132333333334,59.12293999999997,48.69115000000002,48.70004166666668,44.68223,44.68353333333333,44.68692166666666,,,,,,,,,,,,,,,,,,,,,,,,,,,,,,,,,,,,,,,,,,,,,,,,,
60.793145,57.5785,57.67280833333333,56.47301499999999,63.38256,68.14944166666666,58.895231666666675,57.19352666666667,54.882220000000004,53.187760000000004,54.27186833333332,55.93634333333334,55.086391666666664,55.11069,59.44761166666668,59.26016666666666,60.9794,59.46945000000001,63.15021499999999,64.24431000000001,56.09394666666667,56.03272499999999,53.54321500000001,52.24182,54.88226666666668,53.62192833333333,51.00216833333332,52.870131666666666,56.29585333333335,56.13660666666665,57.600488333333345,59.48292166666668,60.98342666666665,61.08194833333332,52.17300833333334,52.176533333333346,48.15237,48.14289333333333,49.369408333333325,49.38334166666666,,,,,,,,,,,,,,,,,,,,,,,,,,,,,,,,,,,,,,,,,,,,,,,,
62.45861499999999,57.52496166666666,56.49619,56.52833833333334,61.72737,66.43102333333333,57.12643666666668,58.72343166666668,54.86269500000001,53.141118333333324,56.01596666666667,56.049524999999996,55.038165,54.91339499999998,59.51047499999999,58.08438833333334,59.41490333333335,61.07508500000001,64.67515000000002,64.41569,57.30910833333334,57.41057166666667,52.29808666666667,53.737613333333336,55.252444999999994,55.093411666666654,51.19755666666666,51.09872166666667,55.17932833333334,56.100573333333315,58.057111666666664,57.49574666666666,61.090926666666675,61.085380000000015,52.11223833333332,52.120685,48.09528666666665,48.08396166666665,49.297016666666664,49.30672166666667,49.98109166666666,,,,,,,,,,,,,,,,,,,,,,,,,,,,,,,,,,,,,,,,,,,,,,,
65.10264500000002,58.837723333333315,59.33425166666668,60.28244166666665,60.60860166666666,66.00888499999998,59.61074999999998,59.72822500000001,55.74571999999999,55.477131666666644,56.84647000000001,56.895148333333346,56.97551166666667,56.96452166666666,56.78148833333333,56.287705,59.342415,59.51826333333333,63.16079666666667,63.09630666666668,58.45809,58.449771666666685,54.68572833333335,54.638025000000006,55.99667833333333,55.91108333333332,54.923651666666665,54.704935000000006,53.546616666666665,53.45575500000002,57.63875999999999,57.45852666666668,59.571046666666675,59.35593999999998,52.93827999999999,52.92962333333333,48.907735,48.899073333333334,50.19645833333335,50.11520833333334,52.04299333333333,51.934291666666674,,,,,,,,,,,,,,,,,,,,,,,,,,,,,,,,,,,,,,,,,,,,,,
65.20369166666666,58.80101166666666,59.51528166666666,60.25184999999999,60.74712166666669,65.91960666666665,59.69547,59.721428333333364,55.51678666666668,55.70738999999999,56.89720833333334,56.83062833333334,57.19196166666666,56.91932666666664,56.771004999999995,56.721805000000025,59.61278333333334,59.32482333333335,63.307635,63.01121000000001,58.60435833333333,58.43408166666668,54.54481333333332,54.59733666666666,55.958188333333325,56.137845000000006,54.876033333333346,54.917151666666676,53.63084333333334,53.62408833333333,57.61793,57.595838333333326,59.323008333333334,59.50323833333334,52.91426999999999,52.934189999999994,48.90401000000001,48.90706,50.113573333333335,50.15306833333334,52.002558333333326,51.988360000000014,49.121388333333336,,,,,,,,,,,,,,,,,,,,,,,,,,,,,,,,,,,,,,,,,,,,,
68.12595,61.99975333333333,62.48069833333332,63.16508666666666,64.01221666666667,64.42537333333333,62.05494,61.944806666666686,58.069,57.92932833333332,59.007931666666686,59.29595833333333,59.29317166666667,59.52565666666664,60.09387833333334,59.929159999999996,58.21568666666667,57.96346500000002,62.98815666666667,62.904343333333344,60.85129499999999,60.854806666666676,56.94707333333333,56.97915666666669,58.24802333333334,58.25441166666668,57.054861666666646,57.37909666666666,56.77515,57.02278833333334,56.27573999999998,56.119274999999995,59.401374999999994,59.36306166666667,55.38740333333334,55.36852666666665,51.34953166666667,51.34430166666667,52.57025999999999,52.55748833333334,54.423103333333344,54.37279333333333,52.7623983333333,52.74358833333333,,,,,,,,,,,,,,,,,,,,,,,,,,,,,,,,,,,,,,,,,,,,
66.90423166666666,63.65799666666667,62.407388333333316,63.37505000000001,63.96125,64.83058666666666,62.06072,62.06952,58.028316666666676,57.75091333333332,59.206109999999995,59.14792833333333,59.34132,59.316126666666676,60.11768333333333,60.19749166666667,58.173286666666655,58.078745000000005,63.00418666666667,63.061353333333344,60.711323333333326,60.87817166666667,57.01171333333334,56.892528333333324,58.365278333333315,58.279685,56.94282333333334,57.21806999999998,56.79326333333331,56.75075333333331,56.62293333333332,56.442493333333346,59.18553833333333,59.39564666666668,55.356235000000005,55.40816833333333,51.34403333333334,51.35576500000001,52.540933333333335,52.599331666666664,54.42191833333334,54.35824166666668,52.738108333333344,52.78228666666667,51.55785333333334,,,,,,,,,,,,,,,,,,,,,,,,,,,,,,,,,,,,,,,,,,,
70.84612166666666,67.46793833333335,66.33771166666665,66.95010333333332,67.75785833333335,69.08998000000003,65.14821833333335,64.91642999999998,60.90482333333333,60.90649999999999,62.64833666666666,62.515950000000025,62.354438333333334,62.69338,63.08745666666668,63.57353166666667,62.79464999999999,62.71804999999999,62.549586666666656,62.40511166666667,64.15339333333334,63.835195,60.01587666666668,60.282630000000005,61.610595,61.58958,60.257343333333324,60.624013333333316,60.24508499999999,60.124318333333335,61.25552833333334,60.74766333333333,58.925659999999965,58.82129666666666,58.45599666666668,58.45551333333333,54.399879999999996,54.396273333333326,55.602768333333344,55.609206666666665,57.51748666666665,57.43130333333335,55.901351666666656,55.91503666666667,55.88846666666668,56.05942833333332,,,,,,,,,,,,,,,,,,,,,,,,,,,,,,,,,,,,,,,,,,
71.71194833333332,67.08194999999999,66.03532666666666,67.23886666666668,67.78352333333332,68.72984333333335,65.06490166666669,65.27842999999999,61.27679833333332,60.90375166666665,62.630086666666685,62.63765666666667,62.46054833333334,62.43770833333333,63.47436833333333,63.46486333333333,62.40127500000001,62.65852999999999,62.771100000000004,62.41509833333333,63.84198833333332,64.12091833333332,60.20383666666666,59.96069833333333,61.70093166666668,61.38675333333334,60.22841833333333,60.20939333333332,60.271409999999975,60.312078333333325,60.99245833333333,60.58677166666666,58.74167333333333,59.03416166666666,58.434923333333344,58.428131666666665,54.393944999999995,54.42689333333333,55.643525,55.62477166666666,57.50326666666669,57.417428333333326,55.86298,55.83454000000002,55.861150000000016,55.84179166666667,55.27012166666666,,,,,,,,,,,,,,,,,,,,,,,,,,,,,,,,,,,,,,,,,
53.929296666666666,53.736495,56.30296666666666,59.77231166666666,64.55519666666665,68.9531166666667,50.47741999999999,50.124311666666664,49.82168999999999,49.72123500000001,53.49095333333332,53.47143499999999,55.39616666666666,55.27659666666668,58.32781,58.09450666666665,60.15813666666668,60.10032833333332,63.88055833333335,63.63107499999998,49.176035,49.173781666666656,48.92783000000002,48.95421833333334,52.59076666666666,52.80573666666667,53.07430666666668,53.19698,55.28655499999999,55.117094999999985,58.616746666666636,58.46454666666667,60.21613333333331,60.200935,45.45886166666666,45.269396666666665,45.05296666666667,45.122846666666675,48.48470166666665,48.49161166666665,50.850915,50.95698166666666,53.19527833333335,53.24632833333334,55.13438166666664,55.29976,58.633173333333325,58.26138333333333,,,,,,,,,,,,,,,,,,,,,,,,,,,,,,,,,,,,,,,,
52.793935,51.81311166666667,56.124033333333315,59.745433333333324,64.35611,69.02502166666667,50.366530000000004,50.23302833333335,49.88466499999999,49.87954333333333,53.69257166666668,53.48297999999999,55.48561166666665,55.31963,58.62060333333332,58.55984666666669,60.16641833333334,60.27927833333336,63.801046666666664,63.81185333333333,49.198554999999985,49.02887333333334,48.82091166666668,48.96443666666669,52.754575,52.73809333333332,53.09826,53.07845000000001,55.303461666666664,55.31631166666667,58.72284500000001,58.36993,60.13323833333333,60.03217833333331,45.45904833333333,45.636109999999995,44.981548333333336,45.054578333333346,48.50285499999999,48.54641666666667,52.276230000000005,52.23234666666666,52.93841833333333,53.09195166666666,55.37796500000002,55.13120166666666,58.46009166666668,58.63754999999998,39.44310833333332,,,,,,,,,,,,,,,,,,,,,,,,,,,,,,,,,,,,,,,
52.22072333333334,48.42348666666667,51.67589666666666,54.946046666666675,59.94069666666665,64.54420666666667,50.118763333333334,49.97213,44.75268666666667,44.47687833333332,49.55011499999998,49.66365,51.15518999999997,51.48079833333333,54.337455000000006,54.08941,56.30469166666667,55.980695000000004,59.94690500000001,59.80344833333333,48.642468333333326,48.613321666666664,43.720896666666675,43.638675,48.76053333333334,48.71429833333333,48.922769999999986,49.390658333333334,51.488896666666655,51.46071833333332,54.62062499999999,54.409335000000006,56.07867166666666,56.11914666666669,44.89623166666667,44.907610000000005,39.736824999999996,39.76778,44.68427500000001,44.67273333333335,48.17974833333333,46.971305,48.94352333333334,49.255763333333334,51.22201333333332,51.20777000000001,54.589144999999995,54.43377166666666,39.07958333333334,39.08114333333333,,,,,,,,,,,,,,,,,,,,,,,,,,,,,,,,,,,,,,
53.63633,46.61649333333333,51.50373833333331,54.93793166666668,59.76421333333333,64.37930333333334,49.71422166666669,49.89845333333333,44.67202333333333,44.65700666666667,49.32923000000001,49.27772166666667,51.288431666666675,51.487213333333315,54.762585,54.58579666666667,56.171911666666674,56.32578333333335,59.754001666666674,59.79987833333334,48.82557333333334,48.62186666666667,43.55440666666666,43.58991000000001,48.68013833333333,48.840296666666674,49.06006166666667,49.15133666666666,51.28471500000001,51.22638666666665,54.24867999999997,54.19924333333335,56.10979833333334,56.30066666666668,44.87213666666666,44.91339,39.657265,39.825316666666666,44.548008333333335,44.661665,47.63502333333333,48.21919166666668,49.08754666666667,49.274188333333335,51.18317833333334,51.10733333333333,54.766565,54.71187166666665,39.04656666666666,39.049914999999984,33.81373,,,,,,,,,,,,,,,,,,,,,,,,,,,,,,,,,,,,,
57.74905666666668,51.479836666666664,51.69962166666667,55.84497999999999,60.36690333333332,64.97440833333336,53.714375000000004,53.43335333333333,49.59301666666668,49.47512999999999,49.61025499999999,49.49471500000001,52.55120666666665,52.63498499999999,55.73314666666666,55.901073333333336,57.52093333333332,57.270813333333344,61.58619833333333,60.960718333333325,52.40551833333333,52.35591999999999,48.446821666666665,48.45878499999999,48.803638333333346,48.81051499999998,50.289595,50.21384500000001,52.63500499999999,52.625128333333336,55.62291833333335,55.38019166666666,57.42178166666665,57.45158833333333,48.62913833333333,48.877451666666644,44.683311666666675,44.642183333333335,44.64969000000001,44.793718333333324,49.487199999999994,48.52811666666667,50.394445,50.34375000000001,52.497254999999974,52.44360333333334,55.62426499999999,55.59385333333334,42.66779,42.673874999999995,38.66163166666666,38.666605000000004,,,,,,,,,,,,,,,,,,,,,,,,,,,,,,,,,,,,
57.77708666666669,53.29134,51.74962,55.82089833333334,60.27672333333333,65.16929499999998,53.503431666666664,53.60086833333333,49.48068833333334,49.57365333333334,49.39085333333334,49.55554499999999,52.56139666666667,52.47307333333333,55.87200333333334,55.65335666666666,57.51711499999999,57.32542,61.06550166666669,60.99184999999999,52.38633500000001,52.34408833333334,48.44686166666668,48.56409500000001,48.80350333333332,48.88254333333333,50.16985333333334,50.39063,52.59195666666666,52.74059166666668,55.87801333333333,55.76345500000001,57.44200333333334,57.50330833333332,48.657581666666665,48.86251833333333,44.84201166666668,44.75000500000001,44.57201333333334,44.668753333333335,49.511544999999984,48.95918333333334,50.26812666666667,50.31752999999999,52.69414666666667,52.62042499999997,55.77736000000001,55.85972333333333,42.67832000000001,42.68030333333334,38.648871666666665,38.64946833333333,38.64539166666668,,,,,,,,,,,,,,,,,,,,,,,,,,,,,,,,,,,
60.16527499999999,54.30065333333333,54.45927333333332,54.90036,60.03419666666667,64.61159833333332,55.38587,55.20285499999999,51.484785,51.11019166666667,52.32931833333333,52.683580000000006,51.534976666666644,51.295739999999995,56.16752833333336,55.68204666666667,57.73804000000001,57.53717666666666,61.17885000000001,61.18805666666666,54.22287166666667,54.027405,50.22672833333332,50.169509999999995,51.62681666666666,51.84462333333333,49.10473166666669,49.28331000000001,52.901305,52.81332833333333,56.17991499999999,55.987061666666655,57.70892500000003,57.68605333333332,50.70057833333333,50.46754,46.28465166666667,46.49677166666666,47.624968333333314,47.87377833333331,48.33761666666668,48.27902166666666,50.56443166666666,50.29767166666667,52.55806166666667,52.71515500000002,56.182280000000006,56.023811666666674,44.53509,44.49461166666666,40.48782333333333,40.466585,41.674253333333326,41.695225,,,,,,,,,,,,,,,,,,,,,,,,,,,,,,,,,,
58.798251666666665,55.806374999999996,54.73571833333334,54.537911666666666,60.131638333333306,64.47128999999997,55.33632666666666,55.311885000000004,51.28215166666667,51.301335,52.58089666666666,52.49179333333331,51.46455833333333,51.688115,56.18174666666668,55.994283333333335,57.429844999999986,57.34008000000003,61.224618333333325,61.03134666666667,54.27018333333334,54.22880333333334,50.29911333333334,50.211755,51.76614,51.71317166666667,49.37915000000001,49.51118666666668,52.71409500000001,52.522735,55.78842333333333,55.809528333333326,57.486338333333336,57.60101499999998,50.40660833333334,50.49809333333332,46.67659333333333,46.473846666666674,47.489324999999994,47.537126666666644,48.33208666666667,47.08507833333334,50.28123666666665,50.32366666666667,52.54110333333333,52.693755,56.16807833333333,55.853113333333326,44.45374833333335,44.52872499999998,40.46125666666667,40.49390166666667,41.65951666666667,41.67254666666666,40.65885333333333,,,,,,,,,,,,,,,,,,,,,,,,,,,,,,,,,
63.24448999999998,59.81194166666667,58.506981666666654,59.467573333333334,59.92154999999999,65.12134666666667,58.70173833333335,58.76347333333332,54.87434000000001,54.84847333333332,55.889423333333326,56.048096666666666,56.282331666666664,56.27746333333332,55.679019999999994,55.50148333333333,58.68092166666668,58.689231666666686,62.27581666666668,62.199375,57.622871666666676,57.56736833333333,53.711975000000024,53.712043333333334,55.26281333333333,55.11561999999999,53.88317999999999,54.06885666666667,52.60822999999999,52.64953833333333,56.78162833333333,57.040984999999985,58.56787333333336,58.504990000000014,54.076390000000025,53.941468333333354,50.049681666666665,49.85251833333332,51.23983666666665,51.22833666666665,53.05865000000001,53.02959666666666,50.44362666666668,50.27636166666667,53.84693166666666,53.84612333333334,56.87876833333334,57.09047000000001,47.92279333333334,47.92528833333335,43.93109666666667,43.918868333333336,45.11046833333333,45.12220333333333,45.31455666666668,45.33171166666667,,,,,,,,,,,,,,,,,,,,,,,,,,,,,,,,
64.34431666666666,58.27630333333333,58.58769000000002,59.31358500000001,59.720596666666694,64.98819499999999,58.87084999999999,58.75024499999999,54.85178333333331,54.879898333333315,55.94365999999998,56.082909999999984,56.17439333333332,56.17154333333332,55.61254166666666,55.516868333333335,58.710795000000026,58.67911833333333,62.36063000000001,62.20214333333332,57.65974166666668,57.582529999999984,53.76682833333332,53.80138666666667,55.14264666666667,55.14346999999999,54.03013166666666,54.118990000000004,52.647191666666686,52.681414999999994,56.83623333333334,57.047468333333335,58.57636500000003,58.625523333333305,54.00853833333335,54.06558500000001,49.935928333333344,49.865548333333315,51.133265,51.187426666666674,52.61070500000002,51.96905166666666,50.26649833333333,50.30897500000001,53.82547999999999,53.76061833333335,57.039174999999986,56.78273666666666,47.94461666666667,47.95123666666667,43.91957666666667,43.98922833333334,45.12665666666667,45.12384999999999,45.342018333333336,45.33869500000001,45.17059833333333,,,,,,,,,,,,,,,,,,,,,,,,,,,,,,,
65.278175,60.01646666666667,60.55241333333334,61.379074999999986,62.53372166666666,62.598629999999986,60.312381666666674,60.12466833333333,56.118455000000004,55.93255166666667,57.18751999999998,57.474148333333325,57.69260666666669,57.51127666666666,58.08969166666666,58.32869500000001,56.37607666666667,56.477148333333325,61.29108166666666,61.05536500000001,58.88168166666667,58.98777166666667,55.13525666666667,55.035336666666666,56.42130500000002,56.51679166666666,55.26904166666666,55.531229999999994,55.124480000000005,55.13104833333333,54.712984999999996,54.843328333333325,57.679515,57.62124000000001,55.322826666666685,55.25002500000001,51.30636333333334,51.122095,52.42597333333334,52.335703333333335,54.32612499999999,53.08668500000001,53.053088333333335,52.99453333333332,51.65718666666667,51.50136333333334,55.984629999999996,56.11676666666666,49.31377666666668,49.32566000000001,45.30659500000001,45.30785833333334,46.51321666666667,46.507378333333335,46.69972500000001,46.683945,47.75949666666667,47.78500833333334,,,,,,,,,,,,,,,,,,,,,,,,,,,,,,
66.186905,60.229996666666665,60.49840999999999,61.194956666666684,62.23955666666667,62.77942833333332,60.29042333333334,60.16597833333334,56.28602833333333,56.2393933333333,57.19768833333333,57.37265000000002,57.34167333333333,57.52058666666667,58.28809,58.108375,56.34232,56.15222000000001,61.348906666666664,61.20403166666667,58.937228333333366,59.03440833333334,55.163425000000004,55.205403333333344,56.48556333333334,56.55527999999998,55.26372833333335,55.39449833333333,55.22051999999997,55.01840833333332,54.60437666666666,54.556909999999974,57.546734999999984,57.669866666666685,55.35927000000002,55.51152999999997,51.311246666666655,51.29176166666666,52.67048333333333,52.70532500000001,54.281099999999995,54.08734333333334,52.880693333333326,52.96247,51.63980166666668,51.496759999999995,56.01339500000001,56.140466666666676,49.30737333333334,49.32307333333333,45.317491666666676,45.31144166666667,46.532226666666666,46.495526666666656,46.70971166666668,46.71846833333334,47.76529833333333,47.78053333333333,45.520070000000004,,,,,,,,,,,,,,,,,,,,,,,,,,,,,
70.59606166666667,64.83659,64.99566833333333,65.76104833333336,66.73901500000001,67.79613333333334,63.79658666666668,63.78425333333335,59.88298166666666,59.901588333333336,61.15639500000001,61.15362333333332,61.12890166666668,61.28488999999999,62.148770000000006,61.68922499999999,61.179365000000026,61.17803833333334,61.32145833333333,61.186946666666664,62.667570000000005,62.61175666666666,58.76480000000002,58.83139999999998,60.30077666666666,60.127346666666675,58.92746,59.04954166666666,58.84815666666667,58.86992166666667,59.41306499999999,59.27691666666668,57.51765,57.62852166666667,59.046800000000005,59.06271833333336,55.022528333333334,54.89937333333335,56.21699000000002,56.14420166666669,56.7481,58.00166,56.539378333333346,56.58518833333333,56.45787333333334,56.29670333333334,55.81346833333333,56.03401833333334,52.92879666666665,52.956538333333334,48.925435,48.916978333333326,50.136224999999996,50.128505000000004,50.325508333333325,50.31689166666667,51.430065,51.34981666666667,50.332860000000004,50.32769833333333,,,,,,,,,,,,,,,,,,,,,,,,,,,,
70.56934666666666,64.40450000000001,64.9391483333333,65.76789000000002,66.63314333333334,67.74438333333333,63.93293166666666,63.77709666666668,59.79916833333331,59.71967333333334,61.106939999999994,61.17103333333333,61.325269999999996,61.183608333333325,62.12164000000002,61.76223333333331,61.329651666666685,61.300403333333364,61.38723333333333,61.254751666666685,62.766898333333316,62.60119000000001,58.83085666666667,58.872044999999986,60.33893000000001,60.33503833333331,58.91608833333334,59.106764999999974,58.80709333333335,58.762323333333335,59.49886833333334,59.308851666666655,57.59962166666666,57.73488,59.153515000000006,59.07852833333333,54.98938,55.06393833333333,56.213438333333336,56.29540833333333,58.11631500000001,56.92276666666665,56.48055333333336,56.56858166666666,56.503898333333346,56.416855000000005,55.949544999999986,56.1018633333333,52.92515833333333,52.949313333333336,48.934819999999995,48.92896333333332,50.144666666666666,50.11003333333334,50.33933166666667,50.33072999999999,51.37621666666667,51.377223333333326,50.37345833333335,50.340845,50.39499833333333,,,,,,,,,,,,,,,,,,,,,,,,,,,
56.86327833333333,55.864696666666674,60.115728333333315,63.98798166666666,68.35099833333335,73.03200833333331,54.437174999999996,54.28099833333333,54.112165000000026,54.06993000000002,57.79039333333333,57.534038333333335,59.53750833333331,59.493483333333316,62.77889999999999,62.14571833333334,64.15038499999999,63.990143333333364,67.99338666666667,67.81044499999999,53.23089666666666,53.208076666666656,52.83485166666667,52.969418333333344,56.88364833333333,56.65972166666668,57.081761666666665,57.098450000000014,59.1759,59.49389666666666,62.469268333333346,62.74891000000001,63.993478333333336,64.149005,49.47947666666666,49.40319666666667,49.060855000000004,49.131671666666676,52.687595,52.810494999999975,56.05167500000001,56.177411666666664,57.08871333333334,57.042343333333335,59.33936666666667,59.33038833333333,62.65944499999996,62.77967333333333,45.45812166666666,45.27228333333334,44.86858499999999,44.68588333333333,48.64669,48.370320000000014,50.43480000000001,50.29847333333333,53.68925166666666,53.85226833333331,55.26352166666666,55.123483333333326,58.95500833333333,58.74859666666666,,,,,,,,,,,,,,,,,,,,,,,,,,
58.11643833333334,56.016305,59.97649833333333,63.88585833333332,68.46277666666663,72.82507166666664,54.273598333333325,54.128209999999996,54.06222666666668,54.111105,57.507183333333316,57.31146333333334,59.51140833333332,59.31955666666667,62.655399999999986,62.20544166666665,64.15571333333332,64.33188000000001,67.76706166666666,67.65887833333333,53.22200999999999,53.02758833333334,52.861196666666686,52.91599333333333,56.84314,56.772940000000006,56.91089999999999,57.201795,59.31700333333334,59.345213333333355,62.30492666666667,62.62406333333334,63.960213333333364,64.00673,49.52501833333333,49.294639999999994,49.073085000000006,49.09137499999999,52.815601666666645,52.63900999999998,54.75668333333333,55.053684999999994,57.09216500000002,57.069416666666655,59.23035000000001,59.46795333333332,62.895149999999994,62.53879666666666,45.432031666666674,45.446390000000015,44.865579999999994,44.83747666666667,48.506810000000016,48.45269500000001,50.087171666666684,50.284139999999994,53.762263333333316,53.86974333333333,54.968663333333325,54.92367000000001,58.742418333333326,58.73362333333332,45.10987833333335,,,,,,,,,,,,,,,,,,,,,,,,,
57.486854999999984,52.611691666666665,55.49414166666664,59.171984999999985,63.928146666666656,68.34528166666666,53.883649999999996,53.682950000000005,48.653268333333315,48.665805,53.48800833333332,53.30186,55.24456666666668,55.22930833333332,58.76772000000001,58.552595000000004,60.15416999999998,59.918883333333326,63.78172333333333,63.77334333333334,52.67351833333333,52.60054666666666,47.60260333333332,47.66361666666666,52.86374833333334,52.808755000000005,53.09865833333333,53.162228333333346,55.155406666666664,55.289216666666654,58.715329999999994,58.27187166666668,60.30030500000001,59.95402666666667,49.09206833333331,49.06156166666668,44.031201666666654,43.82397333333333,48.84895166666666,48.66000000000001,50.483711666666665,52.22293333333334,53.26640666666667,53.02409000000001,55.1187333333333,55.474505,58.31879833333334,58.38910499999998,44.831889999999994,44.84538166666667,39.546493333333345,39.610563333333346,44.554748333333336,44.33054333333334,46.25528666666666,46.12978833333332,49.810436666666675,49.82482166666669,51.10787333333332,51.08008500000001,54.854771666666664,54.94431666666669,44.675000000000004,44.66315333333332,,,,,,,,,,,,,,,,,,,,,,,,
57.597390000000004,50.63797833333332,55.317920000000015,59.315805000000026,63.805141666666664,68.54517999999997,53.929386666666666,53.74038166666668,48.67754333333334,48.709765000000004,53.51928333333332,53.365384999999996,55.50180999999999,55.253125,58.329660000000004,58.13255666666665,60.34072333333335,59.974665,63.86307000000001,63.63399500000002,52.79906166666667,52.639665,47.76364166666667,47.75209833333333,52.63102833333333,52.75614666666667,53.089775000000024,53.06871666666668,55.17881500000001,55.32127666666666,58.608663333333325,58.56005833333333,60.099136666666645,59.984,49.045858333333335,49.105901666666675,43.89994333333333,43.856673333333326,48.67571166666667,48.69392500000001,52.15079,50.95867333333334,53.06933000000002,53.106935000000014,55.48479999999999,55.224766666666646,58.63804999999999,58.77909000000001,44.674776666666666,44.86281166666665,39.823263333333344,39.64996166666667,44.452716666666674,44.55233333333333,46.46435500000001,46.452630000000006,49.865226666666665,49.869106666666646,51.12312999999998,50.938786666666665,54.94803833333333,54.79381166666666,44.69474666666667,44.67681666666666,39.44408666666668,,,,,,,,,,,,,,,,,,,,,,,
60.447139999999976,57.27200499999999,55.50782666666664,59.73333166666666,64.33599833333334,68.98643166666668,57.42349833333336,57.34062166666669,53.659233333333326,53.67539833333334,53.50867166666665,53.34860666666666,56.514716666666644,56.329481666666666,59.68608666666667,59.76879333333333,61.36633166666667,61.14401666666666,64.99958333333336,64.88238166666667,56.26150666666667,56.39350833333333,52.56479000000001,52.46043000000002,52.62665333333333,52.83038166666667,54.09706166666668,54.30541333333333,56.51023333333332,56.352226666666695,59.49417999999999,59.78073999999998,61.216924999999996,61.470253333333325,52.71872833333333,52.50934833333333,48.859099999999984,48.66804,48.50155666666665,48.86584333333331,53.50012333333331,52.14205166666666,54.10161500000002,54.416555,56.419256666666676,56.717558333333336,59.72381166666666,59.960668333333345,48.36617666666667,48.48835833333333,44.282786666666674,44.27200666666667,44.64127666666666,44.63065666666666,47.469205,47.46096166666667,50.88377166666667,50.98499666666665,52.33568833333334,52.301786666666665,56.09048333333331,56.038343333333344,48.33199166666667,48.32800166666667,44.29057666666666,44.29957833333333,,,,,,,,,,,,,,,,,,,,,,
60.70565333333333,57.271078333333314,55.50696333333333,59.600866666666676,64.53659999999999,68.83088500000001,57.69273500000002,57.52718166666666,53.321118333333345,53.49891833333331,53.51144666666666,53.69716666666667,56.502059999999986,56.320805000000014,59.55383333333334,59.28828333333335,61.34232833333334,61.16105666666667,64.98146666666666,65.00739333333334,56.41918166666669,56.269420000000004,52.55810000000001,52.53272666666666,52.84826833333333,52.66288833333333,54.34383166666667,54.18383333333333,56.57227500000002,56.69561833333332,59.81264833333334,59.76348166666668,61.337823333333354,61.22361500000002,52.88308166666667,52.586565,48.68767333333333,48.803585,48.56094666666668,48.672873333333335,53.48442499999997,52.028018333333335,54.47534000000001,54.123318333333344,56.69425166666665,56.701620000000005,59.70010333333333,59.56634333333335,48.459835000000005,48.31193666666668,44.45457333333333,44.50277666666666,44.562515000000005,44.65848166666667,47.65008,47.475689999999986,50.93821166666666,50.94713,52.32852666666667,52.13531333333333,55.95009333333334,56.15383666666667,48.32758833333334,48.29096333333334,44.26758000000001,44.296519999999994,44.32883666666667,,,,,,,,,,,,,,,,,,,,,
62.83920166666667,57.870295000000006,59.02337666666668,58.78539333333332,63.98128333333335,68.89565833333334,59.15405666666667,59.12907833333332,55.89599166666665,55.29731333333334,57.14568666666667,56.32136833333334,56.227745000000006,56.167645,60.11907166666666,60.357836666666664,61.81111666666668,61.931789999999985,65.20870500000001,65.40710999999997,58.148570000000014,58.388284999999996,54.55472833333334,54.57551833333333,55.69104666666667,55.66887833333334,53.994119999999995,53.86218833333333,57.02977333333334,56.74476166666665,60.08105499999999,60.09099499999999,62.034128333333335,61.475858333333335,55.07636666666668,54.517174999999995,51.03106,50.33947999999999,51.624505,52.022621666666666,50.709676666666674,50.95247166666667,55.11211666666666,54.49825500000001,57.15488333333333,56.56764666666666,59.877601666666685,60.05975,50.996156666666664,50.31607166666667,46.08297999999999,46.12465500000001,47.89712833333333,47.45831666666668,46.27603666666667,46.74608833333333,51.517935,51.209770000000006,52.77456000000001,52.54072333333333,56.26179166666669,56.25190500000001,50.26733166666666,50.22553333333334,46.23361,46.235028333333325,47.47294666666667,47.44670166666668,,,,,,,,,,,,,,,,,,,,
64.48079666666668,59.91754166666667,58.34102500000002,59.02138666666666,63.77568833333332,68.61893166666668,59.327705,59.243146666666654,55.57926833333334,55.31813333333334,56.47795166666668,56.60235999999998,55.78783333333333,55.343728333333324,59.81768500000002,59.974905,61.797779999999996,61.534071666666655,65.48666666666666,65.29854999999999,58.370101666666656,58.068983333333335,54.25215000000001,54.19845833333334,55.99971999999999,55.67995333333335,53.39583499999999,53.30414833333334,56.71875166666667,56.83911499999999,59.94539666666666,59.80578166666666,61.54120666666666,61.66474500000002,54.44397833333331,54.62755333333333,50.34064333333334,50.76830833333334,51.807685000000006,51.99722333333333,51.73832666666669,52.575806666666665,54.516333333333336,54.75104,56.69679499999998,56.824923333333345,60.035250000000005,60.27902666666666,50.615655,50.10593333333332,46.66628166666667,46.07611833333333,47.687328333333326,47.67254333333334,46.70798833333333,46.46584166666668,51.125871666666654,51.39046166666666,52.35071166666666,52.783263333333345,56.40933,56.18502166666668,50.187378333333335,50.17466000000001,46.15269333333333,46.16700166666667,47.36066333333332,47.35942,46.80452499999999,,,,,,,,,,,,,,,,,,,
67.41256666666668,61.15643166666666,62.44409833333332,62.49043333333335,63.65213166666667,68.85586666666664,62.60791166666666,62.473693333333344,57.830671666666674,57.960291666666656,59.68935,58.99741000000001,60.067614999999996,60.029015,59.54341666666666,58.64027000000001,62.220524999999995,62.32268333333332,66.04139666666666,65.32710333333331,61.28676000000001,60.76319666666665,57.32659666666667,56.87327500000001,58.91106833333334,58.731583333333326,57.84379166666667,57.80233666666665,56.35400833333335,56.18940166666666,60.538416666666656,59.83076333333333,61.82253000000003,61.843863333333346,57.686861666666665,57.00548,53.803953333333325,53.805158333333324,54.370393333333325,55.050108333333334,56.16568,56.20323000000001,53.996281666666675,54.00141166666667,57.55791666666668,57.03048833333333,60.58968166666667,60.28756166666666,52.97719166666665,53.431933333333326,49.413851666666666,49.58914833333333,50.17862,50.70624333333334,50.88326166666666,51.03010333333333,50.62190999999999,50.687664999999996,52.802861666666665,53.389986666666665,56.944756666666656,56.43198333333333,52.739169999999994,52.69156166666666,48.73340333333332,48.78874999999999,49.87954666666668,49.86709333333334,50.625698333333325,50.217515000000006,,,,,,,,,,,,,,,,,,
67.38488333333333,63.26449,62.23661833333332,62.34518500000001,63.31736833333333,67.96092000000002,62.00831833333335,62.33388166666666,58.44335333333333,58.44089166666669,59.47395666666667,59.143710000000006,59.33994500000003,59.173480000000005,58.999990000000025,58.484950000000005,61.535931666666656,61.55386166666667,65.78398833333334,65.64283999999998,60.719571666666646,60.65030333333332,56.81885833333335,57.26599000000001,58.282648333333334,58.17232333333333,57.69024666666666,56.894283333333334,56.12397833333334,56.014618333333324,59.838838333333335,60.168943333333324,62.19488166666664,61.560674999999996,56.909293333333345,57.40216166666665,53.02131333333333,52.88106666666666,54.65145333333333,54.15164166666668,55.45377666666666,54.81665166666667,53.51965833333334,53.40333,56.914206666666665,57.19536500000001,60.57437,60.085561666666656,53.30552333333333,52.83306166666666,48.79720333333333,49.33111833333332,50.57382500000001,49.98005,50.696774999999995,50.822631666666666,50.11610833333334,50.422336666666666,52.65318,52.620006666666676,56.746680000000005,56.376296666666654,52.59822666666666,52.597693333333325,48.571431666666676,48.59709499999999,49.80119500000001,49.786928333333336,50.57627166666666,50.13451,49.186996666666666,,,,,,,,,,,,,,,,,
70.35162333333331,64.21189666666668,64.53984666666665,65.35474166666667,66.32742666666668,66.78087333333332,64.32285666666671,64.31400500000001,60.20785166666665,60.13447999999999,61.347231666666666,61.30589500000001,61.69460833333334,61.35458666666667,62.41017666666668,62.46845166666666,60.35942333333334,60.15840999999999,65.28549333333333,65.08159333333332,63.08303833333334,63.04062333333335,59.144531666666666,59.059586666666654,60.59989999999998,60.549715,59.11366,59.30573666666667,59.291401666666665,59.29373666666666,58.79766666666665,58.403795,61.710308333333344,61.70454833333334,59.41043333333334,59.27669833333331,55.43645166666668,55.22902166666667,56.46899999999999,56.498111666666674,56.84302833333333,57.96954833333334,56.87491166666667,56.694498333333335,55.35136999999997,55.52364333333333,59.76969499999999,59.987956666666676,55.04609333333334,55.13541166666667,51.154774999999994,50.91499833333333,52.27011,52.368660000000006,52.47366166666666,52.66447833333333,53.64218999999999,53.66891666666667,51.29365166666667,51.293760000000006,56.18911500000001,56.28636833333334,54.936263333333336,54.934386666666676,50.89751333333333,50.93441666666666,52.151448333333335,52.15633166666667,53.00801333333333,52.54123166666666,52.836628333333344,52.485855,,,,,,,,,,,,,,,,
70.36570333333333,65.82941666666669,64.37952999999999,65.19048500000001,66.3215316666667,66.82343833333333,64.22928000000002,64.3536616666667,60.247781666666654,60.10284333333333,61.57460666666666,61.151331666666664,61.40683000000001,61.71302000000002,62.567503333333356,62.45126499999997,60.17772333333334,60.333426666666696,65.30803666666667,65.05535666666665,62.889666666666656,63.00737166666666,59.088633333333334,59.09847833333333,60.49679666666668,60.39080499999998,59.30969166666668,59.37596666666667,59.11906166666665,59.12553499999999,58.701826666666676,58.47617000000001,61.651718333333335,61.40078333333335,59.33293000000001,59.499621666666656,55.465554999999995,55.465989999999984,56.68626000000001,56.33965333333336,57.22886833333334,57.98361666666668,56.69257,56.70454666666666,55.55487333333335,55.51466166666669,60.01549833333333,59.75200666666665,55.00532166666667,55.15967333333334,51.295966666666665,51.25935,52.241344999999995,52.45525166666667,52.51006833333333,52.66694833333333,53.659715000000006,53.47440166666666,51.13699833333333,51.29941166666667,56.279181666666666,56.15717333333334,54.957725,54.92524833333333,50.92640166666666,50.930103333333335,52.149973333333335,52.12202833333332,52.94085833333333,52.502224999999996,52.80995666666668,52.49956,51.17356666666666,,,,,,,,,,,,,,,
73.39851333333333,69.96064000000003,68.71787833333336,69.64787500000001,70.67011833333332,71.60149166666666,67.86888333333334,67.79319499999998,63.786803333333346,63.67747500000002,64.96906666666665,65.02645166666666,65.22511166666668,65.25783666666666,66.07548000000003,65.63656999999999,65.28291499999999,65.2503883333333,65.27558,65.10433833333333,66.61189999999999,66.56904666666665,62.69553666666664,62.72651833333336,64.29095666666664,64.16508666666665,62.847368333333364,63.03460166666665,62.666954999999994,62.770645000000016,63.641336666666675,63.604530000000004,61.47073166666667,61.55124833333331,63.04889833333332,62.92683333333333,59.016078333333326,59.01492333333333,60.12722666666667,60.25113166666666,60.608791666666654,60.84764333333332,60.55821,60.445191666666666,60.26874499999998,60.34711666666665,60.08501333333335,60.01490833333333,58.721839999999986,58.65089333333334,54.647605000000006,54.78489833333333,56.03016166666666,55.90321666666666,56.31045166666668,56.04121666666666,57.18942333333332,57.22619666666668,56.108936666666665,56.06318999999999,56.189829999999986,56.23470333333334,58.489079999999994,58.47493333333333,54.46618333333334,54.46905666666668,55.67070333333333,55.687588333333345,56.61932499999999,56.075118333333336,56.307616666666654,56.03554333333332,55.915298333333325,55.91124333333333,,,,,,,,,,,,,,
74.41019999999997,69.92040999999998,68.68312333333331,69.62865333333333,70.49615166666666,71.61850333333332,67.81808666666667,67.82738500000004,63.63465166666666,63.77567666666665,64.85798666666666,64.99413833333332,65.24611000000002,65.17030000000004,66.02473333333334,65.62262333333334,65.22861666666668,65.25700833333335,65.17714833333334,65.06343999999997,66.56857500000001,66.60429500000002,62.68984833333336,62.70598333333333,64.08941999999998,64.03218166666667,62.96502999999999,63.04299999999999,62.70242166666666,62.72037500000002,63.34731666666668,63.57184166666667,61.47029666666667,61.452483333333355,62.83342500000003,62.87367500000001,58.91813333333333,58.98045166666668,60.0677,60.13065333333334,60.84152666666669,61.54660166666666,60.43878333333332,60.393623333333316,60.34689499999998,60.21712499999999,59.79861333333336,59.99188166666666,58.59669,58.76621166666664,54.75967499999999,54.78374166666666,55.887601666666654,55.91826666666667,56.149196666666676,56.15257666666666,57.13642166666667,57.18360333333334,56.01560166666666,56.001931666666664,56.173401666666685,56.16265833333333,58.46455666666669,58.451955000000005,54.45811166666667,54.441010000000006,55.64844166666667,55.667618333333316,56.420385,56.00778000000001,56.29195166666667,56.01586333333334,55.86740999999999,55.86095333333332,55.838690000000014,,,,,,,,,,,,,
61.67890000000002,61.56441499999998,64.071035,67.61109666666665,72.13245166666665,76.9042,58.097956666666676,58.00463666666666,57.55789499999999,57.788619999999995,61.342274999999994,61.242929999999994,63.201469999999986,63.088916666666655,66.16426166666669,65.97874,67.85289666666667,67.95799333333332,71.59376333333334,71.52434666666666,56.90719,56.88715333333332,56.610218333333336,56.62418833333333,60.49293166666668,60.39427833333335,60.74658166666669,60.771160000000016,62.995166666666655,63.60182833333334,66.40296666666669,66.34582833333333,67.8217583333333,68.00514666666666,53.141235,53.303675,52.72938666666668,52.72517666666667,56.53409166666665,56.417206666666665,59.97502166666668,58.75588999999999,60.98163833333334,60.76403333333333,63.06371333333334,63.15889833333335,66.227065,66.28200500000001,48.94354666666666,49.075576666666656,48.557219999999994,48.503805000000014,52.33150166666666,52.344365,53.97371833333333,54.09263833333334,57.546730000000004,57.55617999999998,58.94801333333333,58.875131666666675,62.575816666666654,62.53250833333333,50.54047166666666,50.56675333333333,50.15668333333333,50.18796666666666,53.80985666666666,53.811946666666664,55.649421666666676,55.598736666666674,58.93173833333333,58.200021666666665,60.419953333333325,60.56628333333334,64.05401666666667,64.05493499999999,,,,,,,,,,,,
60.34245666666667,54.870423333333335,59.424248333333345,63.26862833333334,67.83095666666667,72.330065,57.81181333333334,57.85211166666665,52.765213333333335,52.70226,57.38145999999998,57.55495333333332,59.401989999999984,59.39900666666669,62.63190333333332,62.232235,64.08316166666667,64.04116666666665,67.84264,67.63486999999999,56.69402333333333,56.6959,51.626345,51.649688333333316,56.65320666666668,56.69716666666665,56.93348666666666,57.152019999999986,59.271981666666655,59.343556666666665,62.341946666666686,62.54019500000001,64.19789500000002,64.196825,53.05888499999998,53.110804999999985,47.862465,47.85426999999999,52.61972333333334,52.70977999999999,54.85446166666667,55.09555333333335,57.023480000000006,57.07482333333332,59.347945,59.39781166666665,62.51138833333334,62.43959999999999,48.87542500000003,48.888233333333325,43.656493333333344,43.688868333333325,48.54213,48.52260166666667,50.29524999999999,50.178961666666666,53.68661500000001,53.72819499999999,55.11693166666665,55.14412,58.797278333333345,58.848310000000005,50.547856666666675,50.42237166666667,45.26501666666666,45.21624166666666,50.07096833333333,50.13379833333333,52.83410333333334,52.01877666666666,54.61051499999999,54.929278333333336,56.740445,56.62562333333333,60.315061666666686,60.25711500000001,50.00811166666666,,,,,,,,,,,
61.424420000000005,54.72939000000001,59.47080833333334,63.04830333333333,67.40055333333332,72.43645833333333,58.04625999999999,57.755844999999994,52.53372166666666,52.51041833333334,57.62339333333332,57.34619999999999,59.39983666666666,59.34705,62.69477500000001,62.53600833333333,64.07344499999999,64.18451333333334,67.77897166666666,67.67026333333335,56.73604166666666,56.6908,51.62948166666665,51.69047333333333,56.81455999999999,56.63767166666666,56.94653333333334,56.99352666666665,59.208248333333344,59.27851666666667,62.172655,62.423955,63.92454833333332,64.21537666666669,53.067055,53.18746833333334,47.921091666666676,47.844861666666674,52.61595166666665,52.67804666666666,54.858526666666656,55.809565,57.14182000000001,56.95315500000001,59.286571666666674,59.28153999999997,62.66114833333333,62.58951333333333,48.825396666666684,48.760413333333325,43.60902500000001,43.68975166666665,48.32088666666667,48.497218333333336,50.402831666666664,50.19567,53.76801166666666,53.78826166666665,55.19731333333334,55.09382666666667,58.78266666666668,58.765139999999995,50.58243499999999,50.42809333333334,45.292934999999986,45.22254166666667,50.174735,50.21109333333333,53.27544166666666,52.25761,55.11423999999999,54.564305,56.84097500000001,56.83691833333335,60.370299999999986,60.29489333333333,50.051028333333335,45.00015499999999,,,,,,,,,,
64.94262,60.53886166666667,59.724650000000004,62.293428333333345,68.54508500000003,73.06891,59.926115,61.71042500000002,57.55737499999999,55.870468333333314,57.73279166666667,57.76648833333335,58.892896666666665,60.573390000000025,63.68423500000002,61.87503500000001,63.75657999999999,65.39472166666665,69.15524,69.03563000000001,58.79157166666668,60.03059666666665,55.03354333333333,54.92781,55.24526833333332,55.165805,58.31005000000001,58.30854999999998,59.040348333333334,59.058548333333334,62.259885,63.54086666666666,65.41984999999998,63.887379999999986,55.22740999999999,56.454951666666666,51.061863333333335,51.17595,51.05035,51.02825166666666,54.298903333333335,54.56133499999999,56.610458333333334,58.29056166666667,60.21595333333333,58.871673333333334,62.391555,62.01575666666666,50.977675000000005,51.055110000000006,46.80965333333333,48.66614333333334,48.662301666666664,46.92672333333334,50.00389500000001,49.969723333333334,53.50035666666667,54.73350500000001,56.52558666666666,54.687953333333326,60.16696000000001,60.18409833333334,52.614853333333336,52.488030000000016,49.85828166666668,50.04330666666666,50.14126666666667,50.29772666666667,54.436121666666665,51.983259999999994,54.82634666666667,55.82806166666666,56.50545333333334,57.798173333333324,60.025074999999994,61.65452333333331,53.746493333333326,49.96612833333333,49.96283333333334,,,,,,,,,
63.028645,59.40798500000001,59.63139999999999,62.22262833333332,68.32504833333336,73.17356500000001,61.57901166666665,61.71159833333331,55.862896666666664,55.98094499999999,57.549815,56.08418833333333,60.60323333333335,60.57973999999997,62.215598333333325,63.840250000000005,63.84428833333333,65.24926499999998,67.60078499999999,69.03430166666665,58.96987666666666,60.41594500000001,55.13849666666666,55.06291833333334,56.85181999999998,55.29056166666667,58.364583333333336,58.312005,60.761835000000005,59.027561666666664,62.21446833333333,63.540523333333354,65.34285333333334,63.85316833333333,55.10467333333334,55.250465000000005,51.05756,51.066050000000004,51.24419166666666,51.25462833333333,54.30235333333334,55.56280666666667,58.41737,58.38908666666668,60.68474666666666,59.11903833333333,63.54693333333333,63.525808333333345,52.357363333333346,50.880465,48.566571666666675,47.049506666666666,48.65779166666667,48.62054833333333,51.722120000000004,51.538975,53.521981666666655,53.64947166666666,56.24261833333332,56.45198000000001,58.64674,60.09692666666667,54.05970833333333,54.09091,50.23864666666667,50.23479333333334,48.499338333333334,48.47170166666667,54.32264833333332,53.19031833333333,54.612833333333334,54.105091666666674,56.658379999999994,58.04309499999998,61.67032666666666,61.57731,53.718650000000004,49.87916833333334,49.925255,50.026893333333334,,,,,,,,
66.36531000000001,61.41715833333333,61.222631666666665,62.04263833333333,66.59088166666668,71.40750833333335,62.64532166666667,62.472105,58.461621666666666,57.791760000000004,59.15630166666665,59.17203833333333,58.05430166666667,58.01845500000001,62.381159999999994,62.78629833333333,64.11596666666665,64.23560666666667,67.8774166666667,68.20942000000001,60.78109666666667,61.28842333333334,57.34335500000001,57.317798333333315,58.34724333333334,58.735970000000016,56.55113333333335,56.527183333333326,59.21370833333333,60.013141666666684,63.05017000000001,62.80661333333333,64.11078833333335,64.73452166666665,57.67905833333333,57.184550000000016,53.712180000000004,53.68401999999998,54.39212,54.974473333333336,54.99835,54.42792666666666,57.06256333333334,57.682993333333336,59.91048166666668,59.200526666666654,62.998088333333314,62.724115000000005,53.40521166666666,53.387795,49.560770000000005,49.435739999999996,50.71107833333333,50.13712666666666,49.616733333333336,49.63165333333334,54.19921833333333,54.209291666666665,55.53072833333333,55.16412833333333,58.86790666666666,59.310575,54.567258333333335,54.607654999999994,51.148248333333335,50.544093333333336,51.748736666666666,52.181663333333326,50.561131666666654,51.27944833333333,55.115393333333344,55.557649999999995,57.407115,56.928061666666665,60.83559666666668,60.31194833333335,54.024161666666664,50.182776666666676,50.25388166666667,51.573593333333335,51.51726166666667,,,,,,,
65.41493666666665,60.559031666666655,60.97226666666664,61.227191666666684,67.00860166666665,71.04838166666669,62.50296833333335,62.33737333333333,58.28148833333333,58.312556666666666,59.68747500000001,59.71953499999999,58.045638333333336,57.97564499999999,62.334338333333335,62.480263333333326,64.07355833333334,63.97886999999998,68.34075833333331,67.67862666666664,60.70703500000001,61.16455333333334,57.24980333333333,57.24604333333332,58.29278000000001,58.669096666666654,55.75767000000001,55.75765833333333,59.675236666666656,59.81695333333333,62.997283333333314,62.58255166666666,64.01820000000001,64.14869166666665,56.947301666666654,56.93657833333334,53.46402833333334,53.524188333333335,54.325713333333326,54.14561166666668,55.41907333333334,55.388533333333335,57.66820166666667,56.94400500000001,59.36475333333335,59.741088333333344,62.373818333333354,62.307886666666676,52.72086500000001,53.38916833333333,48.880970000000005,49.272225,50.643480000000004,50.106833333333334,49.47699166666666,49.45176000000001,53.732236666666665,53.71423999999999,55.46110666666665,55.44582,59.27098833333332,59.21064166666666,55.04523166666666,54.33974833333333,50.48284166666668,50.36321333333333,52.25067833333333,51.531858333333325,50.499359999999996,51.92433166666667,54.552408333333325,54.40140833333333,57.214965000000014,57.25903166666666,60.70959166666666,60.71904166666665,53.96916499999999,50.14801333333333,50.165985000000006,51.49704833333333,51.467661666666665,49.19903000000001,,,,,,
69.777235,65.08170666666665,63.776681666666654,64.58054333333335,65.15464,70.54362833333333,64.16968833333331,64.17811166666667,60.30585833333332,60.158518333333326,61.34316333333334,61.33560833333334,61.532078333333324,61.34558,60.92110333333333,61.32133166666668,63.82599666666666,63.94802666666669,67.80977166666666,67.48700000000002,62.965528333333324,63.045014999999985,59.19430000000001,59.17641666666666,60.676250000000024,60.54849333333334,59.32707166666667,59.320800000000006,58.11901666666668,58.115196666666655,62.43641500000002,62.39897666666666,63.95343166666667,63.81975333333332,59.54143166666665,59.38517000000001,55.30684,55.19199333333333,56.55778666666665,56.33288833333334,57.35889833333332,57.057421666666656,55.49273333333332,55.677475,58.96851,59.311416666666666,62.63356666666667,62.43698333333332,54.93844,55.105676666666675,50.90009166666666,51.254733333333334,52.396550000000005,52.453583333333356,52.66792833333334,52.31243000000001,52.294466666666665,52.278883333333326,54.77161999999999,54.75128166666666,58.584293333333335,58.70804999999998,56.73366333333334,56.55388666666667,52.762148333333315,52.891336666666675,53.74134000000001,54.06106833333334,55.32491833333331,54.51450333333333,53.36989500000001,53.77677666666668,56.51108666666666,56.55963500000001,60.05353166666668,60.17448499999998,56.288555,52.471000000000004,52.50821833333332,53.82486166666666,53.812780000000004,52.74209833333333,52.548833333333334,,,,,
69.56268666666668,65.08484500000002,64.12000166666667,64.55668333333334,65.12115833333333,70.57907666666667,63.95289166666668,64.34823500000002,60.15104166666666,59.94769833333333,61.49152666666665,61.48920166666668,61.553104999999995,61.53459999999999,61.06953333333335,61.170655000000004,63.80520499999997,63.76847166666665,67.71998833333332,67.63679499999998,63.13833333333334,63.06620166666665,59.19787500000001,59.093945,60.61956333333333,60.63986666666666,59.41127,59.289955000000006,57.899329999999985,57.90872000000001,62.251575,61.92025833333333,63.9888966666667,63.773221666666664,59.30691,59.32538833333334,55.100071666666665,55.49400166666665,56.48915499999999,56.455968333333345,56.89651999999998,57.94383333333334,55.89765666666666,55.803195,59.11161499999999,59.11948833333331,62.42937666666667,62.213126666666675,55.33043666666666,55.034576666666666,50.93535333333333,51.068133333333336,52.446733333333334,52.17741166666667,52.359391666666674,52.28477666666667,52.420446666666656,52.320098333333355,54.761408333333335,54.910466666666665,58.61229000000001,58.58251833333333,56.54435833333333,56.496383333333334,52.66874166666667,52.87516166666664,53.93507833333334,53.785561666666666,54.10548833333333,54.513486666666665,53.39478833333333,53.76348166666667,56.70350166666668,56.487636666666646,60.208905,60.04061833333334,56.28695000000001,52.43474333333333,52.504270000000005,53.857705,53.786170000000006,52.79390666666667,52.55244833333333,51.119035,,,,
72.76259333333331,67.66632166666666,68.13216,68.82506833333332,69.84035833333336,70.23975500000002,67.64419666666664,67.78556499999999,63.56445833333334,63.76006833333333,64.95761833333336,64.79164666666667,65.01266166666665,65.15190166666665,65.96798833333332,65.57504833333334,63.948775000000026,63.81433833333334,68.78254333333334,68.62194000000002,66.51753,66.44187333333333,62.62515666666666,62.695930000000004,64.03834833333333,64.10441333333333,62.90438333333333,62.74353166666664,62.717393333333334,62.744904999999996,62.113936666666696,62.287044999999985,65.01607333333331,65.163905,62.79650999999999,62.912558333333315,58.78110666666667,58.88954833333332,59.979811666666684,60.01881000000001,60.67231666666668,61.899031666666644,60.49085333333335,60.33017166666667,59.04374333333335,59.122063333333344,63.530323333333364,63.53805666666667,58.65360999999999,58.557606666666665,54.545673333333326,54.63058666666668,55.91695166666667,55.89384333333333,55.96840000000002,56.11839833333333,57.07902500000004,57.10826333333332,54.89472666666665,54.77216666666666,59.74449166666664,59.768916666666655,60.34295333333334,60.26609666666667,56.29547166666666,56.16929166666667,57.50067166666666,57.350794999999984,57.64679,57.95127833333334,58.06339333333333,57.999085,56.46089499999998,56.42197999999999,61.23561333333335,61.23280666666668,59.773789999999984,55.91749833333331,55.97824833333333,57.28756499999998,57.262978333333336,56.16853666666665,55.98067999999999,55.80980499999999,55.78169166666665,,,
72.75614833333331,69.24047999999999,68.17795499999998,68.95372500000002,69.82186666666668,70.42435833333333,67.63899166666667,67.60535499999999,63.72629000000002,63.70956000000003,64.99488666666667,64.90799166666665,65.07924999999999,65.16706666666666,65.73216166666667,65.55243,63.779826666666665,63.79900166666666,68.77033166666665,68.62050166666667,66.52122,66.47127000000002,62.636140000000026,62.76587666666668,64.03173,64.11044333333332,62.91561666666666,62.942166666666694,62.57510833333335,62.58592166666668,62.18441666666668,62.25639999999999,65.15517166666666,65.13604999999998,62.818814999999994,62.78948666666666,58.930541666666684,58.75808666666664,59.99025833333336,60.07764333333333,61.98354833333333,60.80575499999999,60.49904333333333,60.31716500000001,58.99514333333334,59.102464999999974,63.56625000000001,63.53668833333333,58.595408333333324,58.57383166666668,54.56274166666666,54.69244833333334,55.892643333333325,55.897409999999994,56.09889166666665,56.134694999999994,57.104775,57.112559999999974,54.881755,54.93122000000002,59.77147833333331,59.73025333333332,60.20857666666668,60.182338333333334,56.28890333333333,56.20160500000001,57.38939166666666,57.49900833333332,57.81846833333333,57.60054500000002,58.065715,57.94321166666666,56.43025666666666,56.367789999999964,61.239670000000004,61.23938333333333,59.76935999999998,56.014143333333344,55.98422666666666,57.33481,57.25695166666667,56.163210000000014,55.99993666666666,55.791641666666656,55.794039999999995,55.65780833333333,,
74.66143500000001,71.13359333333334,70.10260999999998,70.63292166666669,71.82586166666667,72.62811666666666,68.97716666666668,69.24598833333333,64.96011500000002,64.96688333333331,66.02224333333332,66.13432666666667,66.18938333333334,66.54973333333332,66.986395,67.35216500000001,66.54712999999998,66.552725,66.40221333333336,66.330375,67.72019666666667,67.81695333333334,64.04789499999998,64.08055999999999,65.29320333333334,65.25588166666665,64.12229333333332,63.98290000000001,64.13580666666665,63.98723500000001,65.01468666666668,64.5125,62.87442,62.95112166666666,64.16879833333333,64.18136499999999,60.145115000000004,60.073134999999986,61.252726666666625,61.16802333333333,63.35461166666668,63.29873666666668,61.53439499999999,61.68211666666666,61.582706666666645,61.59172833333333,61.10288833333333,61.067850000000014,60.10228333333334,59.784355,55.92730833333335,55.98226499999999,57.29828833333333,57.03915666666668,57.226650000000035,57.49519999999999,58.37943833333333,58.49401999999999,57.37810500000002,57.16990666666667,57.503403333333324,57.531328333333356,61.71252666666668,61.432541666666644,57.33464833333336,57.53587833333332,58.55410500000002,58.78662833333335,59.73949999999999,59.46509500000001,59.754831666666654,59.13457833333334,59.126616666666656,59.09806499999999,59.078453333333336,58.9817,61.18677666666667,57.27733999999999,57.32689666666669,58.65107166666666,58.555923333333325,57.519524999999994,57.43088666666668,57.156348333333334,57.14565000000001,58.34056833333332,58.24599666666666,
