arch,app,variant,cores,time_s,threads
grace,cloverleaf,base,1,191.1685860157013,1
grace,cloverleaf,base,2,95.87172508239746,2
grace,cloverleaf,base,3,64.35670399665833,3
grace,cloverleaf,base,4,48.74390506744385,4
grace,cloverleaf,base,5,40.17934799194336,5
grace,cloverleaf,base,6,33.903342962265015,6
grace,cloverleaf,base,7,29.3171911239624,7
grace,cloverleaf,base,8,26.56684398651123,8
grace,cloverleaf,base,9,23.831117868423465,9
grace,cloverleaf,base,10,21.685046195983887,10
grace,cloverleaf,base,11,20.298577785491943,11
grace,cloverleaf,base,12,19.06248497962952,12
grace,cloverleaf,base,13,18.066145181655884,13
grace,cloverleaf,base,14,16.864192008972168,14
grace,cloverleaf,base,15,16.37368106842041,15
grace,cloverleaf,base,16,15.622208833694458,16
grace,cloverleaf,base,17,15.193335056304932,17
grace,cloverleaf,base,18,14.401846885681152,18
grace,cloverleaf,base,19,13.970636129379272,19
grace,cloverleaf,base,20,13.73503804206848,20
grace,cloverleaf,base,21,13.179460048675535,21
grace,cloverleaf,base,22,12.930809020996094,22
grace,cloverleaf,base,23,12.734072923660278,23
grace,cloverleaf,base,24,12.522648811340332,24
grace,cloverleaf,base,25,12.217705965042114,25
grace,cloverleaf,base,26,12.06471586227417,26
grace,cloverleaf,base,27,11.950021982192991,27
grace,cloverleaf,base,28,11.775401830673218,28
grace,cloverleaf,base,29,11.637220144271852,29
grace,cloverleaf,base,30,11.518633127212524,30
grace,cloverleaf,base,31,11.38261103630066,31
grace,cloverleaf,base,32,11.24738621711731,32
grace,cloverleaf,base,33,11.296833992004396,33
grace,cloverleaf,base,34,11.23265814781189,34
grace,cloverleaf,base,35,11.200038909912108,35
grace,cloverleaf,base,36,11.127542972564695,36
grace,cloverleaf,base,37,11.259365081787108,37
grace,cloverleaf,base,38,11.114142894744871,38
grace,cloverleaf,base,39,11.19160795211792,39
grace,cloverleaf,base,40,11.21966290473938,40
grace,cloverleaf,base,41,11.281358957290648,41
grace,cloverleaf,base,42,11.28751802444458,42
grace,cloverleaf,base,43,11.227198839187622,43
grace,cloverleaf,base,44,11.385679960250854,44
grace,cloverleaf,base,45,11.206130981445312,45
grace,cloverleaf,base,46,11.661006927490234,46
grace,cloverleaf,base,47,11.56390905380249,47
grace,cloverleaf,base,48,11.552487134933472,48
grace,cloverleaf,base,49,11.485408067703249,49
grace,cloverleaf,base,50,11.430415868759155,50
grace,cloverleaf,base,51,11.472754955291748,51
grace,cloverleaf,base,52,11.509541988372805,52
grace,cloverleaf,base,53,11.508530855178831,53
grace,cloverleaf,base,54,11.485096216201782,54
grace,cloverleaf,base,55,11.46078395843506,55
grace,cloverleaf,base,56,11.429678916931152,56
grace,cloverleaf,base,57,11.5119309425354,57
grace,cloverleaf,base,58,11.484761953353882,58
grace,cloverleaf,base,59,11.499361991882324,59
grace,cloverleaf,base,60,11.40378999710083,60
grace,cloverleaf,base,61,11.56606101989746,61
grace,cloverleaf,base,62,11.429720878601074,62
grace,cloverleaf,base,63,11.548748970031738,63
grace,cloverleaf,base,64,11.58814811706543,64
grace,cloverleaf,base,65,11.3210768699646,65
grace,cloverleaf,base,66,11.400901079177856,66
grace,cloverleaf,base,67,11.347799062728882,67
grace,cloverleaf,base,68,11.321829080581663,68
grace,cloverleaf,base,69,11.341333150863647,69
grace,cloverleaf,base,70,11.274489879608154,70
grace,cloverleaf,base,71,11.184835195541382,71
grace,cloverleaf,base,72,11.264525175094604,72
grace,minibude,base,1,201.96577,1
grace,minibude,base,2,101.02485000000001,2
grace,minibude,base,3,67.39661,3
grace,minibude,base,4,50.55288,4
grace,minibude,base,5,40.48334,5
grace,minibude,base,6,33.752739999999996,6
grace,minibude,base,7,28.930790000000002,7
grace,minibude,base,8,25.277700000000003,8
grace,minibude,base,9,22.51562,9
grace,minibude,base,10,20.2485,10
grace,minibude,base,11,18.46855,11
grace,minibude,base,12,16.88768,12
grace,minibude,base,13,15.61552,13
grace,minibude,base,14,14.523200000000001,14
grace,minibude,base,15,13.53627,15
grace,minibude,base,16,12.65127,16
grace,minibude,base,17,11.96236,17
grace,minibude,base,18,11.274420000000001,18
grace,minibude,base,19,10.676459999999999,19
grace,minibude,base,20,10.18584,20
grace,minibude,base,21,9.69209,21
grace,minibude,base,22,9.29815,22
grace,minibude,base,23,8.90609,23
grace,minibude,base,24,8.48712,24
grace,minibude,base,25,7.969060000000001,25
grace,minibude,base,26,7.66798,26
grace,minibude,base,27,7.37773,27
grace,minibude,base,28,7.17244,28
grace,minibude,base,29,6.89777,29
grace,minibude,base,30,6.700810000000001,30
grace,minibude,base,31,6.49326,31
grace,minibude,base,32,6.22248,32
grace,minibude,base,33,6.106890000000001,33
grace,minibude,base,34,5.92393,34
grace,minibude,base,35,5.740600000000001,35
grace,minibude,base,36,5.54781,36
grace,minibude,base,37,5.4442,37
grace,minibude,base,38,5.26112,38
grace,minibude,base,39,5.16293,39
grace,minibude,base,40,5.05523,40
grace,minibude,base,41,4.87369,41
grace,minibude,base,42,4.7752,42
grace,minibude,base,43,4.67733,43
grace,minibude,base,44,4.582050000000001,44
grace,minibude,base,45,4.4858199999999995,45
grace,minibude,base,46,4.389220000000001,46
grace,minibude,base,47,4.293520000000001,47
grace,minibude,base,48,4.19398,48
grace,minibude,base,49,4.096760000000001,49
grace,minibude,base,50,4.00465,50
grace,minibude,base,51,3.99223,51
grace,minibude,base,52,3.91106,52
grace,minibude,base,53,3.81735,53
grace,minibude,base,54,3.72417,54
grace,minibude,base,55,3.71341,55
grace,minibude,base,56,3.62519,56
grace,minibude,base,57,3.53169,57
grace,minibude,base,58,3.5333200000000002,58
grace,minibude,base,59,3.43596,59
grace,minibude,base,60,3.42812,60
grace,minibude,base,61,3.33942,61
grace,minibude,base,62,3.3027100000000003,62
grace,minibude,base,63,3.2405100000000004,63
grace,minibude,base,64,3.14493,64
grace,minibude,base,65,3.14418,65
grace,minibude,base,66,3.11134,66
grace,minibude,base,67,3.0490700000000004,67
grace,minibude,base,68,3.04489,68
grace,minibude,base,69,2.9488200000000004,69
grace,minibude,base,70,2.95187,70
grace,minibude,base,71,2.85404,71
grace,minibude,base,72,2.8529299999999997,72
grace,tealeaf,base,1,210.491,1
grace,tealeaf,base,2,107.042,2
grace,tealeaf,base,3,73.232,3
grace,tealeaf,base,4,56.558,4
grace,tealeaf,base,5,46.713,5
grace,tealeaf,base,6,40.038,6
grace,tealeaf,base,7,35.313,7
grace,tealeaf,base,8,31.94,8
grace,tealeaf,base,9,29.144,9
grace,tealeaf,base,10,26.913,10
grace,tealeaf,base,11,25.375,11
grace,tealeaf,base,12,23.876,12
grace,tealeaf,base,13,23.209,13
grace,tealeaf,base,14,22.045,14
grace,tealeaf,base,15,21.411,15
grace,tealeaf,base,16,20.768,16
grace,tealeaf,base,17,20.116,17
grace,tealeaf,base,18,19.739,18
grace,tealeaf,base,19,19.121,19
grace,tealeaf,base,20,18.783,20
grace,tealeaf,base,21,18.188,21
grace,tealeaf,base,22,17.916,22
grace,tealeaf,base,23,17.526,23
grace,tealeaf,base,24,17.428,24
grace,tealeaf,base,25,17.037,25
grace,tealeaf,base,26,17.063,26
grace,tealeaf,base,27,16.46,27
grace,tealeaf,base,28,16.63,28
grace,tealeaf,base,29,15.903,29
grace,tealeaf,base,30,15.808,30
grace,tealeaf,base,31,15.626,31
grace,tealeaf,base,32,15.301,32
grace,tealeaf,base,33,15.286,33
grace,tealeaf,base,34,15.312,34
grace,tealeaf,base,35,15.103,35
grace,tealeaf,base,36,15.092,36
grace,tealeaf,base,37,14.688,37
grace,tealeaf,base,38,14.462,38
grace,tealeaf,base,39,14.252,39
grace,tealeaf,base,40,14.332,40
grace,tealeaf,base,41,14.32,41
grace,tealeaf,base,42,13.961,42
grace,tealeaf,base,43,14.058,43
grace,tealeaf,base,44,13.931,44
grace,tealeaf,base,45,13.68,45
grace,tealeaf,base,46,13.502,46
grace,tealeaf,base,47,13.225,47
grace,tealeaf,base,48,13.281,48
grace,tealeaf,base,49,12.874,49
grace,tealeaf,base,50,12.929,50
grace,tealeaf,base,51,12.501,51
grace,tealeaf,base,52,12.492,52
grace,tealeaf,base,53,12.215,53
grace,tealeaf,base,54,12.213,54
grace,tealeaf,base,55,12.011,55
grace,tealeaf,base,56,11.888,56
grace,tealeaf,base,57,11.689,57
grace,tealeaf,base,58,11.696,58
grace,tealeaf,base,59,11.411,59
grace,tealeaf,base,60,11.632,60
grace,tealeaf,base,61,11.047,61
grace,tealeaf,base,62,11.075,62
grace,tealeaf,base,63,10.777,63
grace,tealeaf,base,64,10.766,64
grace,tealeaf,base,65,10.613,65
grace,tealeaf,base,66,10.225,66
grace,tealeaf,base,67,10.445,67
grace,tealeaf,base,68,10.094,68
grace,tealeaf,base,69,10.236,69
grace,tealeaf,base,70,9.962,70
grace,tealeaf,base,71,9.635,71
grace,tealeaf,base,72,9.804,72
grace,neutral,base,1,135.712701953,1
grace,neutral,base,2,68.323084768,2
grace,neutral,base,3,45.667746228,3
grace,neutral,base,4,34.247780516,4
grace,neutral,base,5,27.148056047,5
grace,neutral,base,6,22.959484332,6
grace,neutral,base,7,19.628978044,7
grace,neutral,base,8,17.555141841,8
grace,neutral,base,9,15.64961212,9
grace,neutral,base,10,14.160521117,10
grace,neutral,base,11,12.929156557,11
grace,neutral,base,12,11.858493997,12
grace,neutral,base,13,11.059859003,13
grace,neutral,base,14,10.229279827,14
grace,neutral,base,15,9.556797746,15
grace,neutral,base,16,9.198127149,16
grace,neutral,base,17,8.609860659,17
grace,neutral,base,18,8.291813955,18
grace,neutral,base,19,7.886724427,19
grace,neutral,base,20,7.464845251,20
grace,neutral,base,21,7.095979601,21
grace,neutral,base,22,6.86592414,22
grace,neutral,base,23,6.690286895,23
grace,neutral,base,24,6.352248089,24
grace,neutral,base,25,6.134818573,25
grace,neutral,base,26,5.925508531,26
grace,neutral,base,27,5.784486771,27
grace,neutral,base,28,5.644102845,28
grace,neutral,base,29,5.388504298,29
grace,neutral,base,30,5.274543652,30
grace,neutral,base,31,5.076887877,31
grace,neutral,base,32,4.990459079,32
grace,neutral,base,33,4.848627715,33
grace,neutral,base,34,4.734923891,34
grace,neutral,base,35,4.622028616,35
grace,neutral,base,36,4.526899854,36
grace,neutral,base,37,4.425142256,37
grace,neutral,base,38,4.414838375,38
grace,neutral,base,39,4.25664234,39
grace,neutral,base,40,4.265211174,40
grace,neutral,base,41,4.107498451,41
grace,neutral,base,42,4.034541332,42
grace,neutral,base,43,4.019692099,43
grace,neutral,base,44,3.900474251,44
grace,neutral,base,45,3.935936013,45
grace,neutral,base,46,3.794645494,46
grace,neutral,base,47,3.740491108,47
grace,neutral,base,48,3.691640961,48
grace,neutral,base,49,3.629316256,49
grace,neutral,base,50,3.693298699,50
grace,neutral,base,51,3.538323964,51
grace,neutral,base,52,3.502616162,52
grace,neutral,base,53,3.532638809,53
grace,neutral,base,54,3.419404442,54
grace,neutral,base,55,3.386536834,55
grace,neutral,base,56,3.411638748,56
grace,neutral,base,57,3.280609615,57
grace,neutral,base,58,3.267489829,58
grace,neutral,base,59,3.364656476,59
grace,neutral,base,60,3.210317848,60
grace,neutral,base,61,3.260009086,61
grace,neutral,base,62,3.141964544,62
grace,neutral,base,63,3.110892972,63
grace,neutral,base,64,3.172170224,64
grace,neutral,base,65,3.054034933,65
grace,neutral,base,66,3.039373086,66
grace,neutral,base,67,3.006721119,67
grace,neutral,base,68,2.971929127,68
grace,neutral,base,69,2.954399537,69
grace,neutral,base,70,2.919094858,70
grace,neutral,base,71,2.982674689,71
grace,neutral,base,72,2.870265478,72
vera,cloverleaf,base,1,107.02878785133362,1
vera,cloverleaf,base,2,53.859501123428345,2
vera,cloverleaf,base,3,35.636059045791626,3
vera,cloverleaf,base,4,27.349483966827396,4
vera,cloverleaf,base,5,22.202677965164185,5
vera,cloverleaf,base,6,18.11487293243408,6
vera,cloverleaf,base,7,15.639014959335327,7
vera,cloverleaf,base,8,14.596781969070436,8
vera,cloverleaf,base,9,13.28646993637085,9
vera,cloverleaf,base,10,12.158432960510254,10
vera,cloverleaf,base,11,11.186756134033203,11
vera,cloverleaf,base,12,10.572692155838013,12
vera,cloverleaf,base,13,9.665294885635376,13
vera,cloverleaf,base,14,9.061115980148317,14
vera,cloverleaf,base,15,8.553472995758057,15
vera,cloverleaf,base,16,8.188745021820067,16
vera,cloverleaf,base,17,7.711228132247923,17
vera,cloverleaf,base,18,7.401023149490356,18
vera,cloverleaf,base,19,6.9819438457489005,19
vera,cloverleaf,base,20,6.637058973312378,20
vera,cloverleaf,base,21,6.864610910415649,21
vera,cloverleaf,base,22,6.271132946014404,22
vera,cloverleaf,base,23,6.1655778884887695,23
vera,cloverleaf,base,24,5.877258062362671,24
vera,cloverleaf,base,25,5.883648872375488,25
vera,cloverleaf,base,26,5.644181966781616,26
vera,cloverleaf,base,27,5.6804680824279785,27
vera,cloverleaf,base,28,5.456115961074829,28
vera,cloverleaf,base,29,5.495929002761841,29
vera,cloverleaf,base,30,5.4041831493377686,30
vera,cloverleaf,base,31,5.069571971893311,31
vera,cloverleaf,base,32,5.067285060882568,32
vera,cloverleaf,base,33,5.034494161605835,33
vera,cloverleaf,base,34,4.977493047714233,34
vera,cloverleaf,base,35,4.790822982788086,35
vera,cloverleaf,base,36,4.748991012573241,36
vera,cloverleaf,base,37,4.745718002319336,37
vera,cloverleaf,base,38,4.680073976516724,38
vera,cloverleaf,base,39,4.632081985473633,39
vera,cloverleaf,base,40,4.5643699169158936,40
vera,cloverleaf,base,41,4.52004599571228,41
vera,cloverleaf,base,42,4.5254669189453125,42
vera,cloverleaf,base,43,4.483871936798096,43
vera,cloverleaf,base,44,4.56212592124939,44
vera,cloverleaf,base,45,4.412351131439209,45
vera,cloverleaf,base,46,4.386398077011108,46
vera,cloverleaf,base,47,4.42049503326416,47
vera,cloverleaf,base,48,4.460240125656128,48
vera,cloverleaf,base,49,4.405791997909546,49
vera,cloverleaf,base,50,4.278818130493164,50
vera,cloverleaf,base,51,4.3349449634552,51
vera,cloverleaf,base,52,4.219740152359009,52
vera,cloverleaf,base,53,4.228422164916992,53
vera,cloverleaf,base,54,4.25914192199707,54
vera,cloverleaf,base,55,4.183994054794312,55
vera,cloverleaf,base,56,4.174510002136231,56
vera,cloverleaf,base,57,4.17281699180603,57
vera,cloverleaf,base,58,4.250854015350342,58
vera,cloverleaf,base,59,4.143776893615723,59
vera,cloverleaf,base,60,4.16182804107666,60
vera,cloverleaf,base,61,4.136616945266724,61
vera,cloverleaf,base,62,4.12677788734436,62
vera,cloverleaf,base,63,4.210516929626465,63
vera,cloverleaf,base,64,4.10689902305603,64
vera,cloverleaf,base,65,4.12834906578064,65
vera,cloverleaf,base,66,4.129503011703491,66
vera,cloverleaf,base,67,4.1161391735076895,67
vera,cloverleaf,base,68,4.0615460872650155,68
vera,cloverleaf,base,69,4.103996992111206,69
vera,cloverleaf,base,70,4.084735870361328,70
vera,cloverleaf,base,71,4.071935176849365,71
vera,cloverleaf,base,72,4.106678009033203,72
vera,cloverleaf,base,73,4.064850091934204,73
vera,cloverleaf,base,74,4.095314025878905,74
vera,cloverleaf,base,75,4.076391935348512,75
vera,cloverleaf,base,76,4.037654876708984,76
vera,cloverleaf,base,77,4.059546947479248,77
vera,cloverleaf,base,78,4.069655895233153,78
vera,cloverleaf,base,79,4.166024923324585,79
vera,cloverleaf,base,80,4.028470993041992,80
vera,cloverleaf,base,81,4.014955043792725,81
vera,cloverleaf,base,82,4.043269872665404,82
vera,cloverleaf,base,83,4.08229398727417,83
vera,cloverleaf,base,84,4.039797067642212,84
vera,cloverleaf,base,85,4.087005853652953,85
vera,cloverleaf,base,86,4.031592130661011,86
vera,cloverleaf,base,87,4.046691179275513,87
vera,cloverleaf,base,88,4.079891920089722,88
vera,cloverleaf,smt,1,115.40360689163208,2
vera,cloverleaf,smt,2,58.232918977737434,4
vera,cloverleaf,smt,3,39.06400489807129,6
vera,cloverleaf,smt,4,29.3145968914032,8
vera,cloverleaf,smt,5,23.52728486061096,10
vera,cloverleaf,smt,6,19.88276696205139,12
vera,cloverleaf,smt,7,17.150271892547607,14
vera,cloverleaf,smt,8,15.612547874450684,16
vera,cloverleaf,smt,9,13.937834978103638,18
vera,cloverleaf,smt,10,12.75019097328186,20
vera,cloverleaf,smt,11,11.693987846374512,22
vera,cloverleaf,smt,12,11.021433115005491,24
vera,cloverleaf,smt,13,10.354017019271852,26
vera,cloverleaf,smt,14,9.512279033660889,28
vera,cloverleaf,smt,15,9.015695095062258,30
vera,cloverleaf,smt,16,8.503706932067871,32
vera,cloverleaf,smt,17,7.945011854171754,34
vera,cloverleaf,smt,18,7.590874910354614,36
vera,cloverleaf,smt,19,7.235780954360963,38
vera,cloverleaf,smt,20,6.922899961471558,40
vera,cloverleaf,smt,21,6.692317008972168,42
vera,cloverleaf,smt,22,6.6338279247283936,44
vera,cloverleaf,smt,23,6.207991123199463,46
vera,cloverleaf,smt,24,6.039231061935425,48
vera,cloverleaf,smt,25,5.871393918991089,50
vera,cloverleaf,smt,26,5.8345489501953125,52
vera,cloverleaf,smt,27,5.841617822647096,54
vera,cloverleaf,smt,28,5.588697910308838,56
vera,cloverleaf,smt,29,5.534222841262817,58
vera,cloverleaf,smt,30,5.276188135147096,60
vera,cloverleaf,smt,31,5.2932608127594,62
vera,cloverleaf,smt,32,5.186897039413452,64
vera,cloverleaf,smt,33,5.1829020977020255,66
vera,cloverleaf,smt,34,4.981834888458252,68
vera,cloverleaf,smt,35,4.997189998626709,70
vera,cloverleaf,smt,36,5.1586010456085205,72
vera,cloverleaf,smt,37,4.808785915374756,74
vera,cloverleaf,smt,38,4.889961957931519,76
vera,cloverleaf,smt,39,4.7320191860198975,78
vera,cloverleaf,smt,40,4.722661018371582,80
vera,cloverleaf,smt,41,4.646514892578125,82
vera,cloverleaf,smt,42,4.6771459579467765,84
vera,cloverleaf,smt,43,4.60474705696106,86
vera,cloverleaf,smt,44,4.517544984817505,88
vera,cloverleaf,smt,45,4.56303596496582,90
vera,cloverleaf,smt,46,4.585606813430785,92
vera,cloverleaf,smt,47,4.65633988380432,94
vera,cloverleaf,smt,48,4.493453025817871,96
vera,cloverleaf,smt,49,4.483381986618042,98
vera,cloverleaf,smt,50,4.491351127624512,100
vera,cloverleaf,smt,51,4.4809439182281485,102
vera,cloverleaf,smt,52,4.42549204826355,104
vera,cloverleaf,smt,53,4.4285728931427,106
vera,cloverleaf,smt,54,4.450857877731323,108
vera,cloverleaf,smt,55,4.489793062210083,110
vera,cloverleaf,smt,56,4.374454975128174,112
vera,cloverleaf,smt,57,4.44212007522583,114
vera,cloverleaf,smt,58,4.4252660274505615,116
vera,cloverleaf,smt,59,4.397207975387573,118
vera,cloverleaf,smt,60,4.446712970733643,120
vera,cloverleaf,smt,61,4.371312141418457,122
vera,cloverleaf,smt,62,4.3155059814453125,124
vera,cloverleaf,smt,63,4.37779688835144,126
vera,cloverleaf,smt,64,4.321470022201537,128
vera,cloverleaf,smt,65,4.3834660053253165,130
vera,cloverleaf,smt,66,4.35049295425415,132
vera,cloverleaf,smt,67,4.360530138015747,134
vera,cloverleaf,smt,68,4.363736867904663,136
vera,cloverleaf,smt,69,4.358747005462647,138
vera,cloverleaf,smt,70,4.369776010513306,140
vera,cloverleaf,smt,71,4.415016889572144,142
vera,cloverleaf,smt,72,4.346638917922974,144
vera,cloverleaf,smt,73,4.3628129959106445,146
vera,cloverleaf,smt,74,4.309449911117554,148
vera,cloverleaf,smt,75,4.341714859008789,150
vera,cloverleaf,smt,76,4.468279838562012,152
vera,cloverleaf,smt,77,4.301664113998413,154
vera,cloverleaf,smt,78,4.33419394493103,156
vera,cloverleaf,smt,79,4.322516918182373,158
vera,cloverleaf,smt,80,4.345036029815674,160
vera,cloverleaf,smt,81,4.33553409576416,162
vera,cloverleaf,smt,82,4.323580026626586,164
vera,cloverleaf,smt,83,4.421753168106079,166
vera,cloverleaf,smt,84,4.4417219161987305,168
vera,cloverleaf,smt,85,4.3356029987335205,170
vera,cloverleaf,smt,86,4.341067075729369,172
vera,cloverleaf,smt,87,4.435983180999756,174
vera,cloverleaf,smt,88,4.4343578815460205,176
vera,minibude,base,1,113.68272999999999,1
vera,minibude,base,2,56.9187,2
vera,minibude,base,3,37.989599999999996,3
vera,minibude,base,4,28.454610000000002,4
vera,minibude,base,5,22.786080000000002,5
vera,minibude,base,6,19.00297,6
vera,minibude,base,7,16.29193,7
vera,minibude,base,8,14.24459,8
vera,minibude,base,9,12.702280000000002,9
vera,minibude,base,10,11.417959999999999,10
vera,minibude,base,11,10.428709999999999,11
vera,minibude,base,12,9.53417,12
vera,minibude,base,13,8.81138,13
vera,minibude,base,14,8.19521,14
vera,minibude,base,15,7.6403300000000005,15
vera,minibude,base,16,7.139310000000001,16
vera,minibude,base,17,6.75024,17
vera,minibude,base,18,6.3608199999999995,18
vera,minibude,base,19,6.02667,19
vera,minibude,base,20,5.7521700000000004,20
vera,minibude,base,21,5.48034,21
vera,minibude,base,22,5.25488,22
vera,minibude,base,23,5.0271300000000005,23
vera,minibude,base,24,4.80483,24
vera,minibude,base,25,4.58542,25
vera,minibude,base,26,4.41685,26
vera,minibude,base,27,4.25099,27
vera,minibude,base,28,4.1317200000000005,28
vera,minibude,base,29,3.99135,29
vera,minibude,base,30,3.85189,30
vera,minibude,base,31,3.7407399999999997,31
vera,minibude,base,32,3.58545,32
vera,minibude,base,33,3.5188800000000002,33
vera,minibude,base,34,3.40517,34
vera,minibude,base,35,3.30059,35
vera,minibude,base,36,3.19169,36
vera,minibude,base,37,3.1357399999999997,37
vera,minibude,base,38,3.0249699999999997,38
vera,minibude,base,39,2.96839,39
vera,minibude,base,40,2.9039,40
vera,minibude,base,41,2.80579,41
vera,minibude,base,42,2.74639,42
vera,minibude,base,43,2.6912399999999996,43
vera,minibude,base,44,2.6345300000000003,44
vera,minibude,base,45,2.5782800000000003,45
vera,minibude,base,46,2.52313,46
vera,minibude,base,47,2.46936,47
vera,minibude,base,48,2.41615,48
vera,minibude,base,49,2.3655500000000003,49
vera,minibude,base,50,2.3104899999999997,50
vera,minibude,base,51,2.29794,51
vera,minibude,base,52,2.2502,52
vera,minibude,base,53,2.19454,53
vera,minibude,base,54,2.14025,54
vera,minibude,base,55,2.13377,55
vera,minibude,base,56,2.21164,56
vera,minibude,base,57,2.0359000000000003,57
vera,minibude,base,58,2.02448,58
vera,minibude,base,59,1.98198,59
vera,minibude,base,60,1.96698,60
vera,minibude,base,61,1.92227,61
vera,minibude,base,62,1.91451,62
vera,minibude,base,63,1.86032,63
vera,minibude,base,64,1.8300400000000001,64
vera,minibude,base,65,1.8062200000000002,65
vera,minibude,base,66,1.8039200000000002,66
vera,minibude,base,67,1.74884,67
vera,minibude,base,68,1.74797,68
vera,minibude,base,69,1.69541,69
vera,minibude,base,70,1.69528,70
vera,minibude,base,71,1.64521,71
vera,minibude,base,72,1.64706,72
vera,minibude,base,73,1.6452,73
vera,minibude,base,74,1.5991700000000002,74
vera,minibude,base,75,1.59676,75
vera,minibude,base,76,1.54656,76
vera,minibude,base,77,1.55035,77
vera,minibude,base,78,1.5459100000000001,78
vera,minibude,base,79,1.49522,79
vera,minibude,base,80,1.497,80
vera,minibude,base,81,1.49594,81
vera,minibude,base,82,1.44681,82
vera,minibude,base,83,1.4469800000000002,83
vera,minibude,base,84,1.44645,84
vera,minibude,base,85,1.44425,85
vera,minibude,base,86,1.39848,86
vera,minibude,base,87,1.39905,87
vera,minibude,base,88,1.39714,88
vera,minibude,smt,1,109.71243,2
vera,minibude,smt,2,54.920339999999996,4
vera,minibude,smt,3,36.702,6
vera,minibude,smt,4,27.46366,8
vera,minibude,smt,5,21.993090000000002,10
vera,minibude,smt,6,18.34036,12
vera,minibude,smt,7,15.77975,14
vera,minibude,smt,8,13.74806,16
vera,minibude,smt,9,12.25393,18
vera,minibude,smt,10,11.07958,20
vera,minibude,smt,11,10.113520000000001,22
vera,minibude,smt,12,9.25601,24
vera,minibude,smt,13,8.503549999999999,26
vera,minibude,smt,14,7.96728,28
vera,minibude,smt,15,7.430890000000001,30
vera,minibude,smt,16,6.89287,32
vera,minibude,smt,17,6.57195,34
vera,minibude,smt,18,6.14267,36
vera,minibude,smt,19,5.82236,38
vera,minibude,smt,20,5.60666,40
vera,minibude,smt,21,5.2877,42
vera,minibude,smt,22,5.07557,44
vera,minibude,smt,23,4.873340000000001,46
vera,minibude,smt,24,4.65271,48
vera,minibude,smt,25,4.44462,50
vera,minibude,smt,26,4.32204,52
vera,minibude,smt,27,4.1071800000000005,54
vera,minibude,smt,28,3.99499,56
vera,minibude,smt,29,3.8977,58
vera,minibude,smt,30,3.7749,60
vera,minibude,smt,31,3.66482,62
vera,minibude,smt,32,3.4600500000000003,64
vera,minibude,smt,33,3.44845,66
vera,minibude,smt,34,3.34583,68
vera,minibude,smt,35,3.23731,70
vera,minibude,smt,36,3.13752,72
vera,minibude,smt,37,3.03327,74
vera,minibude,smt,38,2.9231,76
vera,minibude,smt,39,2.92422,78
vera,minibude,smt,40,2.81495,80
vera,minibude,smt,41,2.70688,82
vera,minibude,smt,42,2.7092,84
vera,minibude,smt,43,2.6035700000000004,86
vera,minibude,smt,44,2.59939,88
vera,minibude,smt,45,2.5023400000000002,90
vera,minibude,smt,46,2.49348,92
vera,minibude,smt,47,2.39274,94
vera,minibude,smt,48,2.38708,96
vera,minibude,smt,49,2.28464,98
vera,minibude,smt,50,2.27937,100
vera,minibude,smt,51,2.27345,102
vera,minibude,smt,52,2.17462,104
vera,minibude,smt,53,2.1724,106
vera,minibude,smt,54,2.0676,108
vera,minibude,smt,55,2.06755,110
vera,minibude,smt,56,2.06833,112
vera,minibude,smt,57,1.9641700000000002,114
vera,minibude,smt,58,1.95916,116
vera,minibude,smt,59,1.95951,118
vera,minibude,smt,60,1.96149,120
vera,minibude,smt,61,1.8538299999999999,122
vera,minibude,smt,62,1.8543,124
vera,minibude,smt,63,1.85376,126
vera,minibude,smt,64,1.74508,128
vera,minibude,smt,65,1.74583,130
vera,minibude,smt,66,1.74668,132
vera,minibude,smt,67,1.7491700000000001,134
vera,minibude,smt,68,1.7487000000000001,136
vera,minibude,smt,69,1.64112,138
vera,minibude,smt,70,1.64379,140
vera,minibude,smt,71,1.64731,142
vera,minibude,smt,72,1.64891,144
vera,minibude,smt,73,1.65109,146
vera,minibude,smt,74,1.54648,148
vera,minibude,smt,75,1.56664,150
vera,minibude,smt,76,1.55177,152
vera,minibude,smt,77,1.55057,154
vera,minibude,smt,78,1.54897,156
vera,minibude,smt,79,1.4484100000000002,158
vera,minibude,smt,80,1.45083,160
vera,minibude,smt,81,1.45269,162
vera,minibude,smt,82,1.45344,164
vera,minibude,smt,83,1.45525,166
vera,minibude,smt,84,1.45568,168
vera,minibude,smt,85,1.45578,170
vera,minibude,smt,86,1.35443,172
vera,minibude,smt,87,1.3561400000000001,174
vera,minibude,smt,88,1.35953,176
vera,tealeaf,base,1,138.658,1
vera,tealeaf,base,2,69.351,2
vera,tealeaf,base,3,47.689,3
vera,tealeaf,base,4,36.358,4
vera,tealeaf,base,5,30.907,5
vera,tealeaf,base,6,24.66,6
vera,tealeaf,base,7,21.563,7
vera,tealeaf,base,8,18.602,8
vera,tealeaf,base,9,16.72,9
vera,tealeaf,base,10,15.39,10
vera,tealeaf,base,11,14.046,11
vera,tealeaf,base,12,14.27,12
vera,tealeaf,base,13,11.938,13
vera,tealeaf,base,14,11.262,14
vera,tealeaf,base,15,10.653,15
vera,tealeaf,base,16,10.277,16
vera,tealeaf,base,17,9.569,17
vera,tealeaf,base,18,9.112,18
vera,tealeaf,base,19,8.685,19
vera,tealeaf,base,20,8.198,20
vera,tealeaf,base,21,8.024,21
vera,tealeaf,base,22,7.678,22
vera,tealeaf,base,23,7.379,23
vera,tealeaf,base,24,7.003,24
vera,tealeaf,base,25,6.859,25
vera,tealeaf,base,26,7.488,26
vera,tealeaf,base,27,6.493,27
vera,tealeaf,base,28,6.346,28
vera,tealeaf,base,29,6.167,29
vera,tealeaf,base,30,5.986,30
vera,tealeaf,base,31,5.826,31
vera,tealeaf,base,32,5.614,32
vera,tealeaf,base,33,5.579,33
vera,tealeaf,base,34,5.383,34
vera,tealeaf,base,35,5.256,35
vera,tealeaf,base,36,5.204,36
vera,tealeaf,base,37,5.777,37
vera,tealeaf,base,38,5.029,38
vera,tealeaf,base,39,5.001,39
vera,tealeaf,base,40,4.903,40
vera,tealeaf,base,41,4.807,41
vera,tealeaf,base,42,4.766,42
vera,tealeaf,base,43,4.691,43
vera,tealeaf,base,44,4.673,44
vera,tealeaf,base,45,4.57,45
vera,tealeaf,base,46,5.385,46
vera,tealeaf,base,47,4.497,47
vera,tealeaf,base,48,4.512,48
vera,tealeaf,base,49,4.448,49
vera,tealeaf,base,50,4.375,50
vera,tealeaf,base,51,4.403,51
vera,tealeaf,base,52,4.157,52
vera,tealeaf,base,53,5.021,53
vera,tealeaf,base,54,4.149,54
vera,tealeaf,base,55,4.283,55
vera,tealeaf,base,56,4.806,56
vera,tealeaf,base,57,4.023,57
vera,tealeaf,base,58,4.148,58
vera,tealeaf,base,59,4.19,59
vera,tealeaf,base,60,3.991,60
vera,tealeaf,base,61,4.012,61
vera,tealeaf,base,62,4.027,62
vera,tealeaf,base,63,3.96,63
vera,tealeaf,base,64,4.092,64
vera,tealeaf,base,65,4.031,65
vera,tealeaf,base,66,4.027,66
vera,tealeaf,base,67,3.968,67
vera,tealeaf,base,68,3.92,68
vera,tealeaf,base,69,4.094,69
vera,tealeaf,base,70,3.928,70
vera,tealeaf,base,71,3.939,71
vera,tealeaf,base,72,3.922,72
vera,tealeaf,base,73,3.972,73
vera,tealeaf,base,74,3.947,74
vera,tealeaf,base,75,4.545,75
vera,tealeaf,base,76,4.009,76
vera,tealeaf,base,77,4.04,77
vera,tealeaf,base,78,4.028,78
vera,tealeaf,base,79,4.322,79
vera,tealeaf,base,80,3.99,80
vera,tealeaf,base,81,3.978,81
vera,tealeaf,base,82,4.081,82
vera,tealeaf,base,83,3.988,83
vera,tealeaf,base,84,4.112,84
vera,tealeaf,base,85,4.08,85
vera,tealeaf,base,86,4.183,86
vera,tealeaf,base,87,4.126,87
vera,tealeaf,base,88,4.116,88
vera,tealeaf,smt,1,120.699,2
vera,tealeaf,smt,2,60.916,4
vera,tealeaf,smt,3,40.239,6
vera,tealeaf,smt,4,30.615,8
vera,tealeaf,smt,5,24.652,10
vera,tealeaf,smt,6,20.705,12
vera,tealeaf,smt,7,18.151,14
vera,tealeaf,smt,8,16.72,16
vera,tealeaf,smt,9,14.962,18
vera,tealeaf,smt,10,14.995,20
vera,tealeaf,smt,11,13.82,22
vera,tealeaf,smt,12,14.872,24
vera,tealeaf,smt,13,12.86,26
vera,tealeaf,smt,14,11.651,28
vera,tealeaf,smt,15,11.457,30
vera,tealeaf,smt,16,10.891,32
vera,tealeaf,smt,17,10.311,34
vera,tealeaf,smt,18,10.058,36
vera,tealeaf,smt,19,9.533,38
vera,tealeaf,smt,20,9.426,40
vera,tealeaf,smt,21,8.837,42
vera,tealeaf,smt,22,8.908,44
vera,tealeaf,smt,23,9.045,46
vera,tealeaf,smt,24,8.24,48
vera,tealeaf,smt,25,8.238,50
vera,tealeaf,smt,26,7.917,52
vera,tealeaf,smt,27,7.542,54
vera,tealeaf,smt,28,7.148,56
vera,tealeaf,smt,29,6.936,58
vera,tealeaf,smt,30,6.749,60
vera,tealeaf,smt,31,6.512,62
vera,tealeaf,smt,32,6.74,64
vera,tealeaf,smt,33,6.275,66
vera,tealeaf,smt,34,6.245,68
vera,tealeaf,smt,35,6.038,70
vera,tealeaf,smt,36,6.096,72
vera,tealeaf,smt,37,5.952,74
vera,tealeaf,smt,38,6.264,76
vera,tealeaf,smt,39,6.088,78
vera,tealeaf,smt,40,5.694,80
vera,tealeaf,smt,41,5.474,82
vera,tealeaf,smt,42,5.76,84
vera,tealeaf,smt,43,6.015,86
vera,tealeaf,smt,44,5.442,88
vera,tealeaf,smt,45,5.325,90
vera,tealeaf,smt,46,5.298,92
vera,tealeaf,smt,47,5.477,94
vera,tealeaf,smt,48,5.202,96
vera,tealeaf,smt,49,5.12,98
vera,tealeaf,smt,50,5.214,100
vera,tealeaf,smt,51,5.118,102
vera,tealeaf,smt,52,5.184,104
vera,tealeaf,smt,53,5.22,106
vera,tealeaf,smt,54,5.155,108
vera,tealeaf,smt,55,5.099,110
vera,tealeaf,smt,56,5.142,112
vera,tealeaf,smt,57,4.945,114
vera,tealeaf,smt,58,5.166,116
vera,tealeaf,smt,59,5.039,118
vera,tealeaf,smt,60,5.132,120
vera,tealeaf,smt,61,5.09,122
vera,tealeaf,smt,62,5.06,124
vera,tealeaf,smt,63,5.293,126
vera,tealeaf,smt,64,5.186,128
vera,tealeaf,smt,65,5.124,130
vera,tealeaf,smt,66,5.033,132
vera,tealeaf,smt,67,5.157,134
vera,tealeaf,smt,68,5.139,136
vera,tealeaf,smt,69,5.18,138
vera,tealeaf,smt,70,5.162,140
vera,tealeaf,smt,71,5.109,142
vera,tealeaf,smt,72,5.215,144
vera,tealeaf,smt,73,5.208,146
vera,tealeaf,smt,74,5.236,148
vera,tealeaf,smt,75,5.343,150
vera,tealeaf,smt,76,5.418,152
vera,tealeaf,smt,77,5.417,154
vera,tealeaf,smt,78,5.765,156
vera,tealeaf,smt,79,5.456,158
vera,tealeaf,smt,80,5.879,160
vera,tealeaf,smt,81,5.504,162
vera,tealeaf,smt,82,6.058,164
vera,tealeaf,smt,83,5.715,166
vera,tealeaf,smt,84,5.716,168
vera,tealeaf,smt,85,6.325,170
vera,tealeaf,smt,86,6.002,172
vera,tealeaf,smt,87,5.691,174
vera,tealeaf,smt,88,5.936,176
vera,neutral,base,1,86.713978644,1
vera,neutral,base,2,44.178065007,2
vera,neutral,base,3,30.202769475,3
vera,neutral,base,4,23.09481794,4
vera,neutral,base,5,18.712093318,5
vera,neutral,base,6,15.927993346,6
vera,neutral,base,7,13.953658455,7
vera,neutral,base,8,12.389397271,8
vera,neutral,base,9,11.190649556,9
vera,neutral,base,10,10.236330221,10
vera,neutral,base,11,9.466969511,11
vera,neutral,base,12,8.770373866,12
vera,neutral,base,13,8.244054085,13
vera,neutral,base,14,7.729519312,14
vera,neutral,base,15,7.320237028,15
vera,neutral,base,16,6.96283234,16
vera,neutral,base,17,6.584713399,17
vera,neutral,base,18,6.350334329,18
vera,neutral,base,19,6.046499152,19
vera,neutral,base,20,5.86770025,20
vera,neutral,base,21,5.675102264,21
vera,neutral,base,22,5.476890313,22
vera,neutral,base,23,5.315482825,23
vera,neutral,base,24,5.145599856,24
vera,neutral,base,25,4.98022985,25
vera,neutral,base,26,4.83481287,26
vera,neutral,base,27,4.701380777,27
vera,neutral,base,28,4.551060284,28
vera,neutral,base,29,4.465224645,29
vera,neutral,base,30,4.375441903,30
vera,neutral,base,31,4.27668002,31
vera,neutral,base,32,4.183784424,32
vera,neutral,base,33,4.086960446,33
vera,neutral,base,34,4.00328896,34
vera,neutral,base,35,3.926414288,35
vera,neutral,base,36,3.813960742,36
vera,neutral,base,37,3.78251965,37
vera,neutral,base,38,3.675980773,38
vera,neutral,base,39,3.648799093,39
vera,neutral,base,40,3.583602296,40
vera,neutral,base,41,3.53712155,41
vera,neutral,base,42,3.483776955,42
vera,neutral,base,43,3.418035857,43
vera,neutral,base,44,3.364434258,44
vera,neutral,base,45,3.288627014,45
vera,neutral,base,46,3.239831835,46
vera,neutral,base,47,3.237226997,47
vera,neutral,base,48,3.188349962,48
vera,neutral,base,49,3.148222278,49
vera,neutral,base,50,3.111544143,50
vera,neutral,base,51,3.075590279,51
vera,neutral,base,52,3.027476063,52
vera,neutral,base,53,2.990725092,53
vera,neutral,base,54,2.953717409,54
vera,neutral,base,55,2.9229828,55
vera,neutral,base,56,2.904286186,56
vera,neutral,base,57,2.870686963,57
vera,neutral,base,58,2.822767889,58
vera,neutral,base,59,2.798124377,59
vera,neutral,base,60,2.768333815,60
vera,neutral,base,61,2.743080287,61
vera,neutral,base,62,2.69398207,62
vera,neutral,base,63,2.698608782,63
vera,neutral,base,64,2.663580067,64
vera,neutral,base,65,2.646420257,65
vera,neutral,base,66,2.622516069,66
vera,neutral,base,67,2.600788906,67
vera,neutral,base,68,2.556291323,68
vera,neutral,base,69,2.534518201,69
vera,neutral,base,70,2.528841589,70
vera,neutral,base,71,2.487277913,71
vera,neutral,base,72,2.485131691,72
vera,neutral,base,73,2.469567151,73
vera,neutral,base,74,2.427797534,74
vera,neutral,base,75,2.430021739,75
vera,neutral,base,76,2.401975389,76
vera,neutral,base,77,2.386949306,77
vera,neutral,base,78,2.376212699,78
vera,neutral,base,79,2.363963948,79
vera,neutral,base,80,2.331166219,80
vera,neutral,base,81,2.334303236,81
vera,neutral,base,82,2.311351871,82
vera,neutral,base,83,2.299048087,83
vera,neutral,base,84,2.281344476,84
vera,neutral,base,85,2.265622085,85
vera,neutral,base,86,2.24847154,86
vera,neutral,base,87,2.236639899,87
vera,neutral,base,88,2.22142613,88
vera,neutral,smt,1,55.90491818,2
vera,neutral,smt,2,28.310354637,4
vera,neutral,smt,3,19.11268321,6
vera,neutral,smt,4,14.430397737,8
vera,neutral,smt,5,11.713871599,10
vera,neutral,smt,6,9.909626145,12
vera,neutral,smt,7,8.585445554,14
vera,neutral,smt,8,7.596616914,16
vera,neutral,smt,9,6.836648262,18
vera,neutral,smt,10,6.214606388,20
vera,neutral,smt,11,5.712045131,22
vera,neutral,smt,12,5.285442488,24
vera,neutral,smt,13,4.943479246,26
vera,neutral,smt,14,4.639980015,28
vera,neutral,smt,15,4.371254944,30
vera,neutral,smt,16,4.127344607,32
vera,neutral,smt,17,3.914920636,34
vera,neutral,smt,18,3.754874822,36
vera,neutral,smt,19,3.575896253,38
vera,neutral,smt,20,3.435524324,40
vera,neutral,smt,21,3.30079555,42
vera,neutral,smt,22,3.17736449,44
vera,neutral,smt,23,3.066632824,46
vera,neutral,smt,24,2.967325803,48
vera,neutral,smt,25,2.854712554,50
vera,neutral,smt,26,2.784729289,52
vera,neutral,smt,27,2.69913735,54
vera,neutral,smt,28,2.621572993,56
vera,neutral,smt,29,2.547361607,58
vera,neutral,smt,30,2.479836276,60
vera,neutral,smt,31,2.413992537,62
vera,neutral,smt,32,2.359674807,64
vera,neutral,smt,33,2.304157269,66
vera,neutral,smt,34,2.251893582,68
vera,neutral,smt,35,2.206249285,70
vera,neutral,smt,36,2.161704256,72
vera,neutral,smt,37,2.111288423,74
vera,neutral,smt,38,2.073609947,76
vera,neutral,smt,39,2.025555566,78
vera,neutral,smt,40,1.9834531,80
vera,neutral,smt,41,1.961934715,82
vera,neutral,smt,42,1.93535884,84
vera,neutral,smt,43,1.898375976,86
vera,neutral,smt,44,1.87325137,88
vera,neutral,smt,45,1.835664829,90
vera,neutral,smt,46,1.809500232,92
vera,neutral,smt,47,1.783162885,94
vera,neutral,smt,48,1.758111981,96
vera,neutral,smt,49,1.730834384,98
vera,neutral,smt,50,1.695999185,100
vera,neutral,smt,51,1.680597993,102
vera,neutral,smt,52,1.648276249,104
vera,neutral,smt,53,1.635466353,106
vera,neutral,smt,54,1.614708672,108
vera,neutral,smt,55,1.589979517,110
vera,neutral,smt,56,1.572426521,112
vera,neutral,smt,57,1.546182468,114
vera,neutral,smt,58,1.52804975,116
vera,neutral,smt,59,1.50897654,118
vera,neutral,smt,60,1.492906404,120
vera,neutral,smt,61,1.477544444,122
vera,neutral,smt,62,1.458062233,124
vera,neutral,smt,63,1.444385552,126
vera,neutral,smt,64,1.428286645,128
vera,neutral,smt,65,1.411976232,130
vera,neutral,smt,66,1.397294929,132
vera,neutral,smt,67,1.384148847,134
vera,neutral,smt,68,1.367625562,136
vera,neutral,smt,69,1.353884073,138
vera,neutral,smt,70,1.340542808,140
vera,neutral,smt,71,1.319730375,142
vera,neutral,smt,72,1.314883736,144
vera,neutral,smt,73,1.304210646,146
vera,neutral,smt,74,1.291397399,148
vera,neutral,smt,75,1.279505418,150
vera,neutral,smt,76,1.269277541,152
vera,neutral,smt,77,1.257867571,154
vera,neutral,smt,78,1.250951739,156
vera,neutral,smt,79,1.240602704,158
vera,neutral,smt,80,1.230137825,160
vera,neutral,smt,81,1.22067304,162
vera,neutral,smt,82,1.212500069,164
vera,neutral,smt,83,1.201582635,166
vera,neutral,smt,84,1.19269973,168
vera,neutral,smt,85,1.184514045,170
vera,neutral,smt,86,1.176743427,172
vera,neutral,smt,87,1.16566191,174
vera,neutral,smt,88,1.165027901,176
turin-9r45,cloverleaf,base,1,142.03585195541382,1
turin-9r45,cloverleaf,base,2,85.68837690353394,2
turin-9r45,cloverleaf,base,3,74.4510109424591,3
turin-9r45,cloverleaf,base,4,70.85591292381287,4
turin-9r45,cloverleaf,base,5,68.82585406303406,5
turin-9r45,cloverleaf,base,6,67.84248399734497,6
turin-9r45,cloverleaf,base,7,67.16998887062073,7
turin-9r45,cloverleaf,base,8,66.6958999633789,8
turin-9r45,cloverleaf,base,9,59.499579906463616,9
turin-9r45,cloverleaf,base,10,53.75809097290039,10
turin-9r45,cloverleaf,base,11,49.05386710166931,11
turin-9r45,cloverleaf,base,12,45.144527912139885,12
turin-9r45,cloverleaf,base,13,41.84628200531006,13
turin-9r45,cloverleaf,base,14,39.000264167785645,14
turin-9r45,cloverleaf,base,15,36.517420053482056,15
turin-9r45,cloverleaf,base,16,34.4745991230011,16
turin-9r45,cloverleaf,base,17,32.72171711921692,17
turin-9r45,cloverleaf,base,18,31.40630507469177,18
turin-9r45,cloverleaf,base,19,30.176860094070435,19
turin-9r45,cloverleaf,base,20,29.055434942245483,20
turin-9r45,cloverleaf,base,21,28.110076904296875,21
turin-9r45,cloverleaf,base,22,27.232254028320312,22
turin-9r45,cloverleaf,base,23,26.37932109832764,23
turin-9r45,cloverleaf,base,24,25.67951321601868,24
turin-9r45,cloverleaf,base,25,24.816804885864254,25
turin-9r45,cloverleaf,base,26,23.957976102828976,26
turin-9r45,cloverleaf,base,27,23.231523036956787,27
turin-9r45,cloverleaf,base,28,22.51529693603516,28
turin-9r45,cloverleaf,base,29,21.865149974823,29
turin-9r45,cloverleaf,base,30,21.216378927230835,30
turin-9r45,cloverleaf,base,31,20.66949415206909,31
turin-9r45,cloverleaf,base,32,20.10059881210327,32
turin-9r45,cloverleaf,base,33,19.654401063919067,33
turin-9r45,cloverleaf,base,34,19.170538902282715,34
turin-9r45,cloverleaf,base,35,18.762277126312256,35
turin-9r45,cloverleaf,base,36,18.367899179458615,36
turin-9r45,cloverleaf,base,37,17.97705888748169,37
turin-9r45,cloverleaf,base,38,17.601721048355103,38
turin-9r45,cloverleaf,base,39,17.30072808265686,39
turin-9r45,cloverleaf,base,40,16.93037986755371,40
turin-9r45,cloverleaf,base,41,16.661185026168823,41
turin-9r45,cloverleaf,base,42,16.37167501449585,42
turin-9r45,cloverleaf,base,43,16.082337141036987,43
turin-9r45,cloverleaf,base,44,15.834410905838013,44
turin-9r45,cloverleaf,base,45,15.559782028198242,45
turin-9r45,cloverleaf,base,46,15.328609943389893,46
turin-9r45,cloverleaf,base,47,15.080574989318848,47
turin-9r45,cloverleaf,base,48,14.814732074737549,48
turin-9r45,cloverleaf,base,49,14.634136915206907,49
turin-9r45,cloverleaf,base,50,14.415975093841553,50
turin-9r45,cloverleaf,base,51,14.237802982330322,51
turin-9r45,cloverleaf,base,52,14.019708871841432,52
turin-9r45,cloverleaf,base,53,13.892805099487305,53
turin-9r45,cloverleaf,base,54,13.704724073410034,54
turin-9r45,cloverleaf,base,55,13.513721942901611,55
turin-9r45,cloverleaf,base,56,13.393898010253906,56
turin-9r45,cloverleaf,base,57,13.22969388961792,57
turin-9r45,cloverleaf,base,58,13.094082117080688,58
turin-9r45,cloverleaf,base,59,12.921368837356567,59
turin-9r45,cloverleaf,base,60,12.757650852203367,60
turin-9r45,cloverleaf,base,61,12.64702296257019,61
turin-9r45,cloverleaf,base,62,12.521935939788818,62
turin-9r45,cloverleaf,base,63,12.403349161148071,63
turin-9r45,cloverleaf,base,64,12.286417961120604,64
turin-9r45,cloverleaf,base,65,12.194206953048706,65
turin-9r45,cloverleaf,base,66,12.130357980728148,66
turin-9r45,cloverleaf,base,67,12.032727956771852,67
turin-9r45,cloverleaf,base,68,11.926493167877195,68
turin-9r45,cloverleaf,base,69,11.823175191879272,69
turin-9r45,cloverleaf,base,70,11.723042011260986,70
turin-9r45,cloverleaf,base,71,11.665000915527344,71
turin-9r45,cloverleaf,base,72,11.614528894424438,72
turin-9r45,cloverleaf,base,73,11.476107120513916,73
turin-9r45,cloverleaf,base,74,11.383744955062866,74
turin-9r45,cloverleaf,base,75,11.36019492149353,75
turin-9r45,cloverleaf,base,76,11.300732851028442,76
turin-9r45,cloverleaf,base,77,11.207785844802856,77
turin-9r45,cloverleaf,base,78,11.201117992401125,78
turin-9r45,cloverleaf,base,79,11.137189865112305,79
turin-9r45,cloverleaf,base,80,11.038125038146973,80
turin-9r45,cloverleaf,base,81,11.008599042892456,81
turin-9r45,cloverleaf,base,82,10.927871942520142,82
turin-9r45,cloverleaf,base,83,10.938865900039673,83
turin-9r45,cloverleaf,base,84,10.859801054000854,84
turin-9r45,cloverleaf,base,85,10.845098972320557,85
turin-9r45,cloverleaf,base,86,10.795135021209717,86
turin-9r45,cloverleaf,base,87,10.784940004348757,87
turin-9r45,cloverleaf,base,88,10.747695922851562,88
turin-9r45,cloverleaf,base,89,10.678718090057371,89
turin-9r45,cloverleaf,base,90,10.646471977233888,90
turin-9r45,cloverleaf,base,91,10.647443056106567,91
turin-9r45,cloverleaf,base,92,10.600592851638794,92
turin-9r45,cloverleaf,base,93,10.622221946716309,93
turin-9r45,cloverleaf,base,94,10.553193092346191,94
turin-9r45,cloverleaf,base,95,10.56886100769043,95
turin-9r45,cloverleaf,base,96,10.49394702911377,96
turin-9r45,minibude,base,1,37.252720000000004,1
turin-9r45,minibude,base,2,18.63627,2
turin-9r45,minibude,base,3,12.45406,3
turin-9r45,minibude,base,4,9.3505,4
turin-9r45,minibude,base,5,7.49911,5
turin-9r45,minibude,base,6,6.26899,6
turin-9r45,minibude,base,7,5.38902,7
turin-9r45,minibude,base,8,4.72318,8
turin-9r45,minibude,base,9,4.19999,9
turin-9r45,minibude,base,10,3.77442,10
turin-9r45,minibude,base,11,3.44691,11
turin-9r45,minibude,base,12,3.15616,12
turin-9r45,minibude,base,13,2.91588,13
turin-9r45,minibude,base,14,2.71187,14
turin-9r45,minibude,base,15,2.5266300000000004,15
turin-9r45,minibude,base,16,2.36686,16
turin-9r45,minibude,base,17,2.2349699999999997,17
turin-9r45,minibude,base,18,2.10759,18
turin-9r45,minibude,base,19,1.9966,19
turin-9r45,minibude,base,20,1.90229,20
turin-9r45,minibude,base,21,1.8118900000000002,21
turin-9r45,minibude,base,22,1.73708,22
turin-9r45,minibude,base,23,1.6628399999999999,23
turin-9r45,minibude,base,24,1.58958,24
turin-9r45,minibude,base,25,1.51719,25
turin-9r45,minibude,base,26,1.46154,26
turin-9r45,minibude,base,27,1.41117,27
turin-9r45,minibude,base,28,1.38096,28
turin-9r45,minibude,base,29,1.33334,29
turin-9r45,minibude,base,30,1.3013800000000002,30
turin-9r45,minibude,base,31,1.2701,31
turin-9r45,minibude,base,32,1.21549,32
turin-9r45,minibude,base,33,1.20754,33
turin-9r45,minibude,base,34,1.1656199999999999,34
turin-9r45,minibude,base,35,1.1376,35
turin-9r45,minibude,base,36,1.10676,36
turin-9r45,minibude,base,37,1.09131,37
turin-9r45,minibude,base,38,1.06021,38
turin-9r45,minibude,base,39,1.04447,39
turin-9r45,minibude,base,40,1.0284000000000002,40
turin-9r45,minibude,base,41,0.99788,41
turin-9r45,minibude,base,42,0.98281,42
turin-9r45,minibude,base,43,0.96788,43
turin-9r45,minibude,base,44,0.9528,44
turin-9r45,minibude,base,45,0.9378,45
turin-9r45,minibude,base,46,0.9222100000000001,46
turin-9r45,minibude,base,47,0.9064500000000001,47
turin-9r45,minibude,base,48,0.89241,48
turin-9r45,minibude,base,49,0.8756200000000001,49
turin-9r45,minibude,base,50,0.85965,50
turin-9r45,minibude,base,51,0.8602500000000001,51
turin-9r45,minibude,base,52,0.84516,52
turin-9r45,minibude,base,53,0.82989,53
turin-9r45,minibude,base,54,0.81501,54
turin-9r45,minibude,base,55,0.8136,55
turin-9r45,minibude,base,56,0.79827,56
turin-9r45,minibude,base,57,0.78352,57
turin-9r45,minibude,base,58,0.7831,58
turin-9r45,minibude,base,59,0.76801,59
turin-9r45,minibude,base,60,0.76862,60
turin-9r45,minibude,base,61,0.75278,61
turin-9r45,minibude,base,62,0.7523200000000001,62
turin-9r45,minibude,base,63,0.73689,63
turin-9r45,minibude,base,64,0.72162,64
turin-9r45,minibude,base,65,0.72214,65
turin-9r45,minibude,base,66,0.72174,66
turin-9r45,minibude,base,67,0.70653,67
turin-9r45,minibude,base,68,0.70755,68
turin-9r45,minibude,base,69,0.6914600000000001,69
turin-9r45,minibude,base,70,0.6900900000000001,70
turin-9r45,minibude,base,71,0.67787,71
turin-9r45,minibude,base,72,0.67675,72
turin-9r45,minibude,base,73,0.67669,73
turin-9r45,minibude,base,74,0.6641900000000001,74
turin-9r45,minibude,base,75,0.66179,75
turin-9r45,minibude,base,76,0.64501,76
turin-9r45,minibude,base,77,0.64524,77
turin-9r45,minibude,base,78,0.6463099999999999,78
turin-9r45,minibude,base,79,0.6292000000000001,79
turin-9r45,minibude,base,80,0.62983,80
turin-9r45,minibude,base,81,0.63052,81
turin-9r45,minibude,base,82,0.61372,82
turin-9r45,minibude,base,83,0.61475,83
turin-9r45,minibude,base,84,0.61552,84
turin-9r45,minibude,base,85,0.61475,85
turin-9r45,minibude,base,86,0.59923,86
turin-9r45,minibude,base,87,0.5993200000000001,87
turin-9r45,minibude,base,88,0.60057,88
turin-9r45,minibude,base,89,0.6026900000000001,89
turin-9r45,minibude,base,90,0.58313,90
turin-9r45,minibude,base,91,0.5845,91
turin-9r45,minibude,base,92,0.58494,92
turin-9r45,minibude,base,93,0.58429,93
turin-9r45,minibude,base,94,0.56901,94
turin-9r45,minibude,base,95,0.56925,95
turin-9r45,minibude,base,96,0.5712999999999999,96
turin-9r45,tealeaf,base,1,188.999,1
turin-9r45,tealeaf,base,2,137.421,2
turin-9r45,tealeaf,base,3,119.49,3
turin-9r45,tealeaf,base,4,110.863,4
turin-9r45,tealeaf,base,5,106.493,5
turin-9r45,tealeaf,base,6,104.335,6
turin-9r45,tealeaf,base,7,102.808,7
turin-9r45,tealeaf,base,8,101.968,8
turin-9r45,tealeaf,base,9,87.745,9
turin-9r45,tealeaf,base,10,76.419,10
turin-9r45,tealeaf,base,11,67.601,11
turin-9r45,tealeaf,base,12,60.313,12
turin-9r45,tealeaf,base,13,54.003,13
turin-9r45,tealeaf,base,14,48.579,14
turin-9r45,tealeaf,base,15,44.035,15
turin-9r45,tealeaf,base,16,40.09,16
turin-9r45,tealeaf,base,17,36.35,17
turin-9r45,tealeaf,base,18,32.953,18
turin-9r45,tealeaf,base,19,30.163,19
turin-9r45,tealeaf,base,20,27.626,20
turin-9r45,tealeaf,base,21,25.877,21
turin-9r45,tealeaf,base,22,24.046,22
turin-9r45,tealeaf,base,23,22.733,23
turin-9r45,tealeaf,base,24,21.301,24
turin-9r45,tealeaf,base,25,19.286,25
turin-9r45,tealeaf,base,26,17.732,26
turin-9r45,tealeaf,base,27,16.288,27
turin-9r45,tealeaf,base,28,15.185,28
turin-9r45,tealeaf,base,29,13.835,29
turin-9r45,tealeaf,base,30,12.7,30
turin-9r45,tealeaf,base,31,11.914,31
turin-9r45,tealeaf,base,32,11.151,32
turin-9r45,tealeaf,base,33,10.112,33
turin-9r45,tealeaf,base,34,9.368,34
turin-9r45,tealeaf,base,35,8.508,35
turin-9r45,tealeaf,base,36,7.741,36
turin-9r45,tealeaf,base,37,7.306,37
turin-9r45,tealeaf,base,38,6.666,38
turin-9r45,tealeaf,base,39,6.303,39
turin-9r45,tealeaf,base,40,6.1,40
turin-9r45,tealeaf,base,41,5.81,41
turin-9r45,tealeaf,base,42,5.635,42
turin-9r45,tealeaf,base,43,5.467,43
turin-9r45,tealeaf,base,44,5.442,44
turin-9r45,tealeaf,base,45,5.369,45
turin-9r45,tealeaf,base,46,5.283,46
turin-9r45,tealeaf,base,47,5.221,47
turin-9r45,tealeaf,base,48,5.195,48
turin-9r45,tealeaf,base,49,5.179,49
turin-9r45,tealeaf,base,50,5.088,50
turin-9r45,tealeaf,base,51,5.077,51
turin-9r45,tealeaf,base,52,5.062,52
turin-9r45,tealeaf,base,53,5.025,53
turin-9r45,tealeaf,base,54,5.022,54
turin-9r45,tealeaf,base,55,5.114,55
turin-9r45,tealeaf,base,56,4.957,56
turin-9r45,tealeaf,base,57,4.908,57
turin-9r45,tealeaf,base,58,4.916,58
turin-9r45,tealeaf,base,59,4.932,59
turin-9r45,tealeaf,base,60,4.953,60
turin-9r45,tealeaf,base,61,4.928,61
turin-9r45,tealeaf,base,62,4.982,62
turin-9r45,tealeaf,base,63,5.006,63
turin-9r45,tealeaf,base,64,5.058,64
turin-9r45,tealeaf,base,65,5.062,65
turin-9r45,tealeaf,base,66,5.067,66
turin-9r45,tealeaf,base,67,5.125,67
turin-9r45,tealeaf,base,68,5.051,68
turin-9r45,tealeaf,base,69,5.11,69
turin-9r45,tealeaf,base,70,5.188,70
turin-9r45,tealeaf,base,71,5.223,71
turin-9r45,tealeaf,base,72,5.258,72
turin-9r45,tealeaf,base,73,5.306,73
turin-9r45,tealeaf,base,74,5.266,74
turin-9r45,tealeaf,base,75,5.319,75
turin-9r45,tealeaf,base,76,5.32,76
turin-9r45,tealeaf,base,77,5.257,77
turin-9r45,tealeaf,base,78,5.221,78
turin-9r45,tealeaf,base,79,5.285,79
turin-9r45,tealeaf,base,80,5.363,80
turin-9r45,tealeaf,base,81,5.278,81
turin-9r45,tealeaf,base,82,5.368,82
turin-9r45,tealeaf,base,83,5.443,83
turin-9r45,tealeaf,base,84,5.407,84
turin-9r45,tealeaf,base,85,5.415,85
turin-9r45,tealeaf,base,86,5.392,86
turin-9r45,tealeaf,base,87,5.491,87
turin-9r45,tealeaf,base,88,5.505,88
turin-9r45,tealeaf,base,89,5.503,89
turin-9r45,tealeaf,base,90,5.574,90
turin-9r45,tealeaf,base,91,5.63,91
turin-9r45,tealeaf,base,92,5.535,92
turin-9r45,tealeaf,base,93,5.657,93
turin-9r45,tealeaf,base,94,5.681,94
turin-9r45,tealeaf,base,95,5.686,95
turin-9r45,tealeaf,base,96,5.748,96
turin-9r45,neutral,base,1,273.483053025,1
turin-9r45,neutral,base,2,138.206791678,2
turin-9r45,neutral,base,3,92.098947623,3
turin-9r45,neutral,base,4,68.060395043,4
turin-9r45,neutral,base,5,54.550047006,5
turin-9r45,neutral,base,6,45.625320302,6
turin-9r45,neutral,base,7,39.458786141,7
turin-9r45,neutral,base,8,34.721540792,8
turin-9r45,neutral,base,9,38.903918008,9
turin-9r45,neutral,base,10,34.117178432,10
turin-9r45,neutral,base,11,30.491696543,11
turin-9r45,neutral,base,12,27.442001286,12
turin-9r45,neutral,base,13,25.183726777,13
turin-9r45,neutral,base,14,23.296060479,14
turin-9r45,neutral,base,15,22.079494177,15
turin-9r45,neutral,base,16,20.546688564,16
turin-9r45,neutral,base,17,20.372878821,17
turin-9r45,neutral,base,18,19.15691512,18
turin-9r45,neutral,base,19,18.284060968,19
turin-9r45,neutral,base,20,17.372964716,20
turin-9r45,neutral,base,21,16.653245198,21
turin-9r45,neutral,base,22,15.981320514,22
turin-9r45,neutral,base,23,15.299167433,23
turin-9r45,neutral,base,24,14.570575445,24
turin-9r45,neutral,base,25,14.622219413,25
turin-9r45,neutral,base,26,14.142275728,26
turin-9r45,neutral,base,27,13.574703057,27
turin-9r45,neutral,base,28,13.192967143,28
turin-9r45,neutral,base,29,12.823582843,29
turin-9r45,neutral,base,30,12.30687901,30
turin-9r45,neutral,base,31,11.961225186,31
turin-9r45,neutral,base,32,11.598032819,32
turin-9r45,neutral,base,33,11.748241056,33
turin-9r45,neutral,base,34,11.234532014,34
turin-9r45,neutral,base,35,11.078210818,35
turin-9r45,neutral,base,36,10.795225154,36
turin-9r45,neutral,base,37,10.518175114,37
turin-9r45,neutral,base,38,10.089116546,38
turin-9r45,neutral,base,39,9.822981485,39
turin-9r45,neutral,base,40,9.664194881,40
turin-9r45,neutral,base,41,9.838702961,41
turin-9r45,neutral,base,42,9.381383496,42
turin-9r45,neutral,base,43,9.120070484,43
turin-9r45,neutral,base,44,8.861297241,44
turin-9r45,neutral,base,45,8.591259709,45
turin-9r45,neutral,base,46,8.495316215,46
turin-9r45,neutral,base,47,8.254134499,47
turin-9r45,neutral,base,48,8.045458021,48
turin-9r45,neutral,base,49,8.129913047,49
turin-9r45,neutral,base,50,7.795797991,50
turin-9r45,neutral,base,51,7.600251051,51
turin-9r45,neutral,base,52,7.41556165,52
turin-9r45,neutral,base,53,7.32207023,53
turin-9r45,neutral,base,54,7.309218286,54
turin-9r45,neutral,base,55,7.048728976,55
turin-9r45,neutral,base,56,6.849644692,56
turin-9r45,neutral,base,57,7.036689938,57
turin-9r45,neutral,base,58,6.77582085,58
turin-9r45,neutral,base,59,6.713214178,59
turin-9r45,neutral,base,60,6.497630933,60
turin-9r45,neutral,base,61,6.345224874,61
turin-9r45,neutral,base,62,6.245897175,62
turin-9r45,neutral,base,63,6.380606655,63
turin-9r45,neutral,base,64,6.123540797,64
turin-9r45,neutral,base,65,6.111955587,65
turin-9r45,neutral,base,66,6.004979224,66
turin-9r45,neutral,base,67,5.800338049,67
turin-9r45,neutral,base,68,5.796286561,68
turin-9r45,neutral,base,69,5.711124512,69
turin-9r45,neutral,base,70,5.749798785,70
turin-9r45,neutral,base,71,5.538697248,71
turin-9r45,neutral,base,72,5.468955231,72
turin-9r45,neutral,base,73,5.575220773,73
turin-9r45,neutral,base,74,5.508004156,74
turin-9r45,neutral,base,75,5.352645092,75
turin-9r45,neutral,base,76,5.404100007,76
turin-9r45,neutral,base,77,5.207260484,77
turin-9r45,neutral,base,78,5.168876099,78
turin-9r45,neutral,base,79,5.129566877,79
turin-9r45,neutral,base,80,5.074222871,80
turin-9r45,neutral,base,81,5.156224117,81
turin-9r45,neutral,base,82,5.056354078,82
turin-9r45,neutral,base,83,4.989176637,83
turin-9r45,neutral,base,84,4.887372022,84
turin-9r45,neutral,base,85,4.863096858,85
turin-9r45,neutral,base,86,4.839295783,86
turin-9r45,neutral,base,87,4.815616183,87
turin-9r45,neutral,base,88,4.718133188,88
turin-9r45,neutral,base,89,4.774118753,89
turin-9r45,neutral,base,90,4.698141493,90
turin-9r45,neutral,base,91,4.692372116,91
turin-9r45,neutral,base,92,4.567596467,92
turin-9r45,neutral,base,93,4.552487321,93
turin-9r45,neutral,base,94,4.524739823,94
turin-9r45,neutral,base,95,4.496799448,95
turin-9r45,neutral,base,96,4.458460226,96
gnr,cloverleaf,base,1,235.00826597213745,1
gnr,cloverleaf,base,2,124.28705406188963,2
gnr,cloverleaf,base,3,85.54323887825011,3
gnr,cloverleaf,base,4,65.72614407539368,4
gnr,cloverleaf,base,5,53.5200560092926,5
gnr,cloverleaf,base,6,45.75322413444519,6
gnr,cloverleaf,base,7,40.73966217041016,7
gnr,cloverleaf,base,8,37.13516092300415,8
gnr,cloverleaf,base,9,34.70602798461914,9
gnr,cloverleaf,base,10,32.992445945739746,10
gnr,cloverleaf,base,11,31.54686903953552,11
gnr,cloverleaf,base,12,30.447136878967285,12
gnr,cloverleaf,base,13,29.497447967529297,13
gnr,cloverleaf,base,14,28.743520975112915,14
gnr,cloverleaf,base,15,28.06586003303528,15
gnr,cloverleaf,base,16,27.557976961135864,16
gnr,cloverleaf,base,17,27.07199597358704,17
gnr,cloverleaf,base,18,26.718512058258057,18
gnr,cloverleaf,base,19,26.507386922836304,19
gnr,cloverleaf,base,20,26.25305914878845,20
gnr,cloverleaf,base,21,25.990934133529663,21
gnr,cloverleaf,base,22,25.894787073135376,22
gnr,cloverleaf,base,23,25.832653045654297,23
gnr,cloverleaf,base,24,25.833811044692997,24
gnr,cloverleaf,base,25,25.715752124786377,25
gnr,cloverleaf,base,26,25.714154958724976,26
gnr,cloverleaf,base,27,25.650309085845947,27
gnr,cloverleaf,base,28,25.620503902435303,28
gnr,cloverleaf,base,29,25.5604259967804,29
gnr,cloverleaf,base,30,25.53168988227844,30
gnr,cloverleaf,base,31,25.56749200820923,31
gnr,cloverleaf,base,32,25.54746913909912,32
gnr,cloverleaf,base,33,24.858383893966675,33
gnr,cloverleaf,base,34,24.11097502708435,34
gnr,cloverleaf,base,35,23.42316007614136,35
gnr,cloverleaf,base,36,22.78444504737854,36
gnr,cloverleaf,base,37,22.194405078887936,37
gnr,cloverleaf,base,38,21.58953309059143,38
gnr,cloverleaf,base,39,21.050978899002075,39
gnr,cloverleaf,base,40,20.510113954544067,40
gnr,cloverleaf,base,41,20.053268909454346,41
gnr,cloverleaf,base,42,19.52282786369324,42
gnr,cloverleaf,base,43,19.070446014404297,43
gnr,cloverleaf,base,44,18.652020931243896,44
gnr,cloverleaf,base,45,18.218907117843628,45
gnr,cloverleaf,base,46,17.831722021102905,46
gnr,cloverleaf,base,47,17.47299814224243,47
gnr,cloverleaf,base,48,17.05647087097168,48
gnr,cloverleaf,base,49,16.71052098274231,49
gnr,cloverleaf,base,50,16.366452932357788,50
gnr,cloverleaf,base,51,16.03362011909485,51
gnr,cloverleaf,base,52,15.693984985351562,52
gnr,cloverleaf,base,53,15.461879968643188,53
gnr,cloverleaf,base,54,15.104277849197388,54
gnr,cloverleaf,base,55,14.797789096832275,55
gnr,cloverleaf,base,56,14.570330858230593,56
gnr,cloverleaf,base,57,14.2988018989563,57
gnr,cloverleaf,base,58,14.041267871856688,58
gnr,cloverleaf,base,59,13.819143056869509,59
gnr,cloverleaf,base,60,13.571598052978516,60
gnr,cloverleaf,base,61,13.31194806098938,61
gnr,cloverleaf,base,62,13.074132204055786,62
gnr,cloverleaf,base,63,12.849947929382324,63
gnr,cloverleaf,base,64,12.658109188079834,64
gnr,cloverleaf,base,65,12.557026147842407,65
gnr,cloverleaf,base,66,12.41540002822876,66
gnr,cloverleaf,base,67,12.20395803451538,67
gnr,cloverleaf,base,68,12.052470922470093,68
gnr,cloverleaf,base,69,11.835148096084597,69
gnr,cloverleaf,base,70,11.622847080230711,70
gnr,cloverleaf,base,71,11.491142988204956,71
gnr,cloverleaf,base,72,11.375198841094972,72
gnr,cloverleaf,base,73,11.176119089126589,73
gnr,cloverleaf,base,74,10.975400924682615,74
gnr,cloverleaf,base,75,10.898210048675535,75
gnr,cloverleaf,base,76,10.789700031280518,76
gnr,cloverleaf,base,77,10.506131887435911,77
gnr,cloverleaf,base,78,10.450568199157717,78
gnr,cloverleaf,base,79,10.276242017745972,79
gnr,cloverleaf,base,80,10.122275829315186,80
gnr,cloverleaf,base,81,10.066789150238035,81
gnr,cloverleaf,base,82,9.837697029113768,82
gnr,cloverleaf,base,83,9.791326999664305,83
gnr,cloverleaf,base,84,9.599898099899292,84
gnr,cloverleaf,base,85,9.545168161392212,85
gnr,cloverleaf,base,86,9.38453698158264,86
gnr,cloverleaf,base,87,9.347424983978271,87
gnr,cloverleaf,base,88,9.198813915252686,88
gnr,cloverleaf,base,89,9.078380823135376,89
gnr,cloverleaf,base,90,8.93677282333374,90
gnr,cloverleaf,base,91,8.874213933944702,91
gnr,cloverleaf,base,92,8.770699024200438,92
gnr,cloverleaf,base,93,8.72444415092468,93
gnr,cloverleaf,base,94,8.531369924545288,94
gnr,cloverleaf,base,95,8.510694026947021,95
gnr,cloverleaf,base,96,8.42689800262451,96
gnr,minibude,base,1,166.52859,1
gnr,minibude,base,2,83.29188,2
gnr,minibude,base,3,55.58055,3
gnr,minibude,base,4,41.65327,4
gnr,minibude,base,5,33.35129,5
gnr,minibude,base,6,27.817,6
gnr,minibude,base,7,23.835970000000003,7
gnr,minibude,base,8,20.828400000000002,8
gnr,minibude,base,9,18.54663,9
gnr,minibude,base,10,16.68368,10
gnr,minibude,base,11,15.221110000000001,11
gnr,minibude,base,12,13.91633,12
gnr,minibude,base,13,12.858680000000001,13
gnr,minibude,base,14,11.960469999999999,14
gnr,minibude,base,15,11.15673,15
gnr,minibude,base,16,10.46775,16
gnr,minibude,base,17,9.84811,17
gnr,minibude,base,18,9.27788,18
gnr,minibude,base,19,8.790700000000001,19
gnr,minibude,base,20,8.38182,20
gnr,minibude,base,21,7.9768300000000005,21
gnr,minibude,base,22,7.651770000000001,22
gnr,minibude,base,23,7.32649,23
gnr,minibude,base,24,7.00075,24
gnr,minibude,base,25,6.675770000000001,25
gnr,minibude,base,26,6.4335,26
gnr,minibude,base,27,6.1898599999999995,27
gnr,minibude,base,28,6.02321,28
gnr,minibude,base,29,5.78277,29
gnr,minibude,base,30,5.619479999999999,30
gnr,minibude,base,31,5.4540500000000005,31
gnr,minibude,base,32,5.21206,32
gnr,minibude,base,33,5.13227,33
gnr,minibude,base,34,4.967779999999999,34
gnr,minibude,base,35,4.80538,35
gnr,minibude,base,36,4.64402,36
gnr,minibude,base,37,4.560840000000001,37
gnr,minibude,base,38,4.39987,38
gnr,minibude,base,39,4.31737,39
gnr,minibude,base,40,4.23558,40
gnr,minibude,base,41,4.07463,41
gnr,minibude,base,42,3.99311,42
gnr,minibude,base,43,3.91136,43
gnr,minibude,base,44,3.82958,44
gnr,minibude,base,45,3.74899,45
gnr,minibude,base,46,3.66695,46
gnr,minibude,base,47,3.5851300000000004,47
gnr,minibude,base,48,3.50463,48
gnr,minibude,base,49,3.42381,49
gnr,minibude,base,50,3.34306,50
gnr,minibude,base,51,3.34025,51
gnr,minibude,base,52,3.25992,52
gnr,minibude,base,53,3.17931,53
gnr,minibude,base,54,3.09803,54
gnr,minibude,base,55,3.0961,55
gnr,minibude,base,56,3.0158400000000003,56
gnr,minibude,base,57,2.93481,57
gnr,minibude,base,58,2.93392,58
gnr,minibude,base,59,2.85431,59
gnr,minibude,base,60,2.8523899999999998,60
gnr,minibude,base,61,2.77206,61
gnr,minibude,base,62,2.76893,62
gnr,minibude,base,63,2.69069,63
gnr,minibude,base,64,2.6096,64
gnr,minibude,base,65,2.6111500000000003,65
gnr,minibude,base,66,2.6078,66
gnr,minibude,base,67,2.52839,67
gnr,minibude,base,68,2.5281700000000003,68
gnr,minibude,base,69,2.44733,69
gnr,minibude,base,70,2.44635,70
gnr,minibude,base,71,2.3666799999999997,71
gnr,minibude,base,72,2.366,72
gnr,minibude,base,73,2.3647,73
gnr,minibude,base,74,2.2853499999999998,74
gnr,minibude,base,75,2.28457,75
gnr,minibude,base,76,2.2056,76
gnr,minibude,base,77,2.20327,77
gnr,minibude,base,78,2.2031300000000003,78
gnr,minibude,base,79,2.12354,79
gnr,minibude,base,80,2.1215300000000004,80
gnr,minibude,base,81,2.12139,81
gnr,minibude,base,82,2.04161,82
gnr,minibude,base,83,2.04157,83
gnr,minibude,base,84,2.04086,84
gnr,minibude,base,85,2.0395,85
gnr,minibude,base,86,1.95919,86
gnr,minibude,base,87,1.9590400000000001,87
gnr,minibude,base,88,1.95851,88
gnr,minibude,base,89,1.95541,89
gnr,minibude,base,90,1.8783,90
gnr,minibude,base,91,1.8782,91
gnr,minibude,base,92,1.877,92
gnr,minibude,base,93,1.87455,93
gnr,minibude,base,94,1.80725,94
gnr,minibude,base,95,1.81299,95
gnr,minibude,base,96,1.81311,96
gnr,tealeaf,base,1,271.964,1
gnr,tealeaf,base,2,137.223,2
gnr,tealeaf,base,3,105.784,3
gnr,tealeaf,base,4,78.977,4
gnr,tealeaf,base,5,64.165,5
gnr,tealeaf,base,6,57.429,6
gnr,tealeaf,base,7,49.936,7
gnr,tealeaf,base,8,44.153,8
gnr,tealeaf,base,9,42.762,9
gnr,tealeaf,base,10,39.352,10
gnr,tealeaf,base,11,37.63,11
gnr,tealeaf,base,12,35.46,12
gnr,tealeaf,base,13,32.504,13
gnr,tealeaf,base,14,30.313,14
gnr,tealeaf,base,15,29.421,15
gnr,tealeaf,base,16,27.721,16
gnr,tealeaf,base,17,27.209,17
gnr,tealeaf,base,18,26.057,18
gnr,tealeaf,base,19,25.709,19
gnr,tealeaf,base,20,25.791,20
gnr,tealeaf,base,21,25.665,21
gnr,tealeaf,base,22,24.588,22
gnr,tealeaf,base,23,23.679,23
gnr,tealeaf,base,24,22.627,24
gnr,tealeaf,base,25,21.899,25
gnr,tealeaf,base,26,21.189,26
gnr,tealeaf,base,27,20.522,27
gnr,tealeaf,base,28,19.964,28
gnr,tealeaf,base,29,19.143,29
gnr,tealeaf,base,30,18.576,30
gnr,tealeaf,base,31,18.061,31
gnr,tealeaf,base,32,17.614,32
gnr,tealeaf,base,33,17.154,33
gnr,tealeaf,base,34,16.676,34
gnr,tealeaf,base,35,16.354,35
gnr,tealeaf,base,36,15.73,36
gnr,tealeaf,base,37,15.212,37
gnr,tealeaf,base,38,14.849,38
gnr,tealeaf,base,39,14.536,39
gnr,tealeaf,base,40,14.111,40
gnr,tealeaf,base,41,13.782,41
gnr,tealeaf,base,42,13.514,42
gnr,tealeaf,base,43,13.195,43
gnr,tealeaf,base,44,13.028,44
gnr,tealeaf,base,45,12.829,45
gnr,tealeaf,base,46,12.552,46
gnr,tealeaf,base,47,12.272,47
gnr,tealeaf,base,48,11.918,48
gnr,tealeaf,base,49,11.601,49
gnr,tealeaf,base,50,11.292,50
gnr,tealeaf,base,51,11.355,51
gnr,tealeaf,base,52,11.31,52
gnr,tealeaf,base,53,11.045,53
gnr,tealeaf,base,54,10.923,54
gnr,tealeaf,base,55,10.681,55
gnr,tealeaf,base,56,10.539,56
gnr,tealeaf,base,57,10.271,57
gnr,tealeaf,base,58,10.128,58
gnr,tealeaf,base,59,10.248,59
gnr,tealeaf,base,60,9.943,60
gnr,tealeaf,base,61,9.83,61
gnr,tealeaf,base,62,9.912,62
gnr,tealeaf,base,63,9.737,63
gnr,tealeaf,base,64,9.689,64
gnr,tealeaf,base,65,9.68,65
gnr,tealeaf,base,66,9.561,66
gnr,tealeaf,base,67,9.799,67
gnr,tealeaf,base,68,9.296,68
gnr,tealeaf,base,69,9.467,69
gnr,tealeaf,base,70,9.151,70
gnr,tealeaf,base,71,9.224,71
gnr,tealeaf,base,72,9.204,72
gnr,tealeaf,base,73,9.12,73
gnr,tealeaf,base,74,8.958,74
gnr,tealeaf,base,75,8.877,75
gnr,tealeaf,base,76,9.069,76
gnr,tealeaf,base,77,8.922,77
gnr,tealeaf,base,78,8.722,78
gnr,tealeaf,base,79,8.821,79
gnr,tealeaf,base,80,8.822,80
gnr,tealeaf,base,81,8.729,81
gnr,tealeaf,base,82,8.851,82
gnr,tealeaf,base,83,8.812,83
gnr,tealeaf,base,84,8.856,84
gnr,tealeaf,base,85,8.876,85
gnr,tealeaf,base,86,8.898,86
gnr,tealeaf,base,87,8.906,87
gnr,tealeaf,base,88,8.943,88
gnr,tealeaf,base,89,8.79,89
gnr,tealeaf,base,90,8.891,90
gnr,tealeaf,base,91,9.017,91
gnr,tealeaf,base,92,8.938,92
gnr,tealeaf,base,93,9.067,93
gnr,tealeaf,base,94,8.985,94
gnr,tealeaf,base,95,9.132,95
gnr,tealeaf,base,96,9.221,96
gnr,neutral,base,1,203.498013632,1
gnr,neutral,base,2,103.189902583,2
gnr,neutral,base,3,69.610579247,3
gnr,neutral,base,4,52.552478524,4
gnr,neutral,base,5,42.253645607,5
gnr,neutral,base,6,35.468554806,6
gnr,neutral,base,7,30.344445772,7
gnr,neutral,base,8,26.709658386,8
gnr,neutral,base,9,23.733848173,9
gnr,neutral,base,10,21.503836652,10
gnr,neutral,base,11,19.569517441,11
gnr,neutral,base,12,18.002082245,12
gnr,neutral,base,13,16.647207576,13
gnr,neutral,base,14,15.403430578,14
gnr,neutral,base,15,14.48212969,15
gnr,neutral,base,16,13.547453306,16
gnr,neutral,base,17,12.779245972,17
gnr,neutral,base,18,12.050985239,18
gnr,neutral,base,19,11.469693064,19
gnr,neutral,base,20,10.914644778,20
gnr,neutral,base,21,10.463302898,21
gnr,neutral,base,22,10.037570304,22
gnr,neutral,base,23,9.626237853,23
gnr,neutral,base,24,9.245741852,24
gnr,neutral,base,25,8.838548807,25
gnr,neutral,base,26,8.531952808,26
gnr,neutral,base,27,8.23667708,27
gnr,neutral,base,28,8.057421092,28
gnr,neutral,base,29,7.704210659,29
gnr,neutral,base,30,7.520853903,30
gnr,neutral,base,31,7.281975731,31
gnr,neutral,base,32,7.130086405,32
gnr,neutral,base,33,7.539390789,33
gnr,neutral,base,34,7.101968718,34
gnr,neutral,base,35,6.751898333,35
gnr,neutral,base,36,6.553841667,36
gnr,neutral,base,37,6.180689959,37
gnr,neutral,base,38,5.802477174,38
gnr,neutral,base,39,5.528583329,39
gnr,neutral,base,40,5.223367544,40
gnr,neutral,base,41,5.123389817,41
gnr,neutral,base,42,4.915880627,42
gnr,neutral,base,43,4.648374564,43
gnr,neutral,base,44,4.45195909,44
gnr,neutral,base,45,4.324274948,45
gnr,neutral,base,46,4.229659324,46
gnr,neutral,base,47,4.128721899,47
gnr,neutral,base,48,3.984801411,48
gnr,neutral,base,49,3.879940956,49
gnr,neutral,base,50,3.850260876,50
gnr,neutral,base,51,3.703500843,51
gnr,neutral,base,52,3.570369605,52
gnr,neutral,base,53,3.518099167,53
gnr,neutral,base,54,3.403700045,54
gnr,neutral,base,55,3.355541185,55
gnr,neutral,base,56,3.287734175,56
gnr,neutral,base,57,3.233635514,57
gnr,neutral,base,58,3.185653688,58
gnr,neutral,base,59,3.106177081,59
gnr,neutral,base,60,3.060808478,60
gnr,neutral,base,61,3.01719499,61
gnr,neutral,base,62,2.979750738,62
gnr,neutral,base,63,2.94924046,63
gnr,neutral,base,64,2.891933731,64
gnr,neutral,base,65,3.297524172,65
gnr,neutral,base,66,3.247364355,66
gnr,neutral,base,67,3.218719267,67
gnr,neutral,base,68,3.184684868,68
gnr,neutral,base,69,3.17259741,69
gnr,neutral,base,70,3.117324572,70
gnr,neutral,base,71,3.129430605,71
gnr,neutral,base,72,3.088736961,72
gnr,neutral,base,73,3.039772566,73
gnr,neutral,base,74,3.0061651,74
gnr,neutral,base,75,2.967370683,75
gnr,neutral,base,76,2.959853047,76
gnr,neutral,base,77,2.923584407,77
gnr,neutral,base,78,2.940907738,78
gnr,neutral,base,79,2.912833617,79
gnr,neutral,base,80,2.870795416,80
gnr,neutral,base,81,2.843539383,81
gnr,neutral,base,82,2.824381171,82
gnr,neutral,base,83,2.799848909,83
gnr,neutral,base,84,2.780184046,84
gnr,neutral,base,85,2.787212917,85
gnr,neutral,base,86,2.765813686,86
gnr,neutral,base,87,2.758267374,87
gnr,neutral,base,88,2.738459392,88
gnr,neutral,base,89,2.696890262,89
gnr,neutral,base,90,2.710581533,90
gnr,neutral,base,91,2.688416328,91
gnr,neutral,base,92,2.682821978,92
gnr,neutral,base,93,2.677394017,93
gnr,neutral,base,94,2.657350449,94
gnr,neutral,base,95,2.671001035,95
gnr,neutral,base,96,2.675654105,96
